Transaction ID,Data
1,tuna
1,prosciutto
1,olives
1,ham
1,turkey
1,sarsaparilla
1,gelato
2,risotto
2,soda
2,tuna
2,crackers
2,peroni
2,olives
2,prosciutto
3,avocado
3,crackers
3,hummus
3,peroni
3,ham
3,turkey
3,pretzels
4,olives
4,sarsaparilla
4,coke
4,turkey
4,gelato
4,ham
4,peppers
5,tuna
5,prosciutto
5,apples
5,olives
5,steak
5,avocado
5,turkey
6,pretzels
6,peroni
6,chicken
6,coke
6,gelato
6,peppers
6,ham
7,olives
7,sarsaparilla
7,coke
7,turkey
7,gelato
7,peroni
7,apples
8,prosciutto
8,peppers
8,sarsaparilla
8,crackers
8,chicken
8,gelato
8,risotto
9,soda
9,olives
9,sarsaparilla
9,crackers
9,peroni
9,peppers
9,risotto
10,prosciutto
10,peppers
10,sarsaparilla
10,crackers
10,chicken
10,moscato
10,tuna
11,risotto
11,pretzels
11,apples
11,peppers
11,avocado
11,steak
11,turkey
12,risotto
12,tuna
12,avocado
12,hummus
12,peroni
12,apples
12,prosciutto
13,tuna
13,prosciutto
13,apples
13,olives
13,steak
13,pretzels
13,peroni
14,risotto
14,pretzels
14,apples
14,peppers
14,avocado
14,steak
14,gelato
15,tuna
15,prosciutto
15,olives
15,ham
15,turkey
15,coke
15,apples
16,olives
16,sarsaparilla
16,coke
16,turkey
16,gelato
16,hummus
16,ham
17,risotto
17,tuna
17,avocado
17,hummus
17,peroni
17,coke
17,turkey
18,pretzels
18,peroni
18,chicken
18,coke
18,gelato
18,prosciutto
18,apples
19,soda
19,olives
19,sarsaparilla
19,crackers
19,peroni
19,risotto
19,peppers
20,soda
20,olives
20,sarsaparilla
20,crackers
20,peroni
20,steak
20,tuna
21,tuna
21,prosciutto
21,olives
21,ham
21,turkey
21,apples
21,risotto
22,risotto
22,tuna
22,avocado
22,hummus
22,peroni
22,sarsaparilla
22,prosciutto
23,soda
23,olives
23,sarsaparilla
23,crackers
23,peroni
23,hummus
23,steak
24,soda
24,olives
24,sarsaparilla
24,crackers
24,peroni
24,prosciutto
24,tuna
25,pretzels
25,peroni
25,chicken
25,coke
25,gelato
25,apples
25,risotto
26,pretzels
26,peroni
26,chicken
26,coke
26,gelato
26,prosciutto
26,peppers
27,olives
27,sarsaparilla
27,coke
27,turkey
27,gelato
27,apples
27,risotto
28,olives
28,sarsaparilla
28,coke
28,turkey
28,gelato
28,soda
28,avocado
29,soda
29,olives
29,sarsaparilla
29,crackers
29,peroni
29,hummus
29,peppers
30,olives
30,sarsaparilla
30,coke
30,turkey
30,gelato
30,pretzels
30,soda
31,olives
31,sarsaparilla
31,coke
31,turkey
31,gelato
31,soda
31,ham
32,prosciutto
32,peppers
32,sarsaparilla
32,crackers
32,chicken
32,tuna
32,coke
33,risotto
33,pretzels
33,apples
33,peppers
33,avocado
33,prosciutto
33,chicken
34,soda
34,olives
34,sarsaparilla
34,crackers
34,peroni
34,moscato
34,ham
35,risotto
35,tuna
35,avocado
35,hummus
35,peroni
35,moscato
35,soda
36,tuna
36,prosciutto
36,olives
36,ham
36,turkey
36,crackers
36,risotto
37,avocado
37,crackers
37,hummus
37,peroni
37,ham
37,prosciutto
37,pretzels
38,soda
38,olives
38,sarsaparilla
38,crackers
38,peroni
38,apples
38,steak
39,risotto
39,tuna
39,avocado
39,hummus
39,peroni
39,soda
39,ham
40,pretzels
40,peroni
40,chicken
40,coke
40,gelato
40,hummus
40,steak
41,soda
41,olives
41,sarsaparilla
41,crackers
41,peroni
41,hummus
41,coke
42,tuna
42,prosciutto
42,apples
42,olives
42,steak
42,risotto
42,chicken
43,pretzels
43,peroni
43,chicken
43,coke
43,gelato
43,crackers
43,steak
44,soda
44,olives
44,sarsaparilla
44,crackers
44,peroni
44,steak
44,tuna
45,tuna
45,prosciutto
45,olives
45,ham
45,turkey
45,sarsaparilla
45,peroni
46,prosciutto
46,peppers
46,sarsaparilla
46,crackers
46,chicken
46,gelato
46,gelato
47,risotto
47,pretzels
47,apples
47,peppers
47,avocado
47,chicken
47,steak
48,risotto
48,soda
48,tuna
48,crackers
48,peroni
48,pretzels
48,hummus
49,prosciutto
49,peppers
49,sarsaparilla
49,crackers
49,chicken
49,turkey
49,gelato
50,avocado
50,crackers
50,hummus
50,peroni
50,ham
50,pretzels
50,tuna
51,soda
51,olives
51,sarsaparilla
51,crackers
51,peroni
51,moscato
51,avocado
52,risotto
52,pretzels
52,apples
52,peppers
52,avocado
52,turkey
52,gelato
53,risotto
53,soda
53,tuna
53,crackers
53,peroni
53,olives
53,avocado
54,risotto
54,tuna
54,avocado
54,hummus
54,peroni
54,prosciutto
54,chicken
55,tuna
55,prosciutto
55,olives
55,ham
55,turkey
55,avocado
55,risotto
56,risotto
56,soda
56,tuna
56,crackers
56,peroni
56,prosciutto
56,ham
57,pretzels
57,peroni
57,chicken
57,coke
57,gelato
57,olives
57,prosciutto
58,risotto
58,soda
58,tuna
58,crackers
58,peroni
58,avocado
58,avocado
59,soda
59,olives
59,sarsaparilla
59,crackers
59,peroni
59,ham
59,peppers
60,prosciutto
60,peppers
60,sarsaparilla
60,crackers
60,chicken
60,steak
60,apples
61,risotto
61,soda
61,tuna
61,crackers
61,peroni
61,hummus
61,chicken
62,avocado
62,crackers
62,hummus
62,peroni
62,ham
62,tuna
62,steak
63,tuna
63,prosciutto
63,apples
63,olives
63,steak
63,ham
63,gelato
64,risotto
64,tuna
64,avocado
64,hummus
64,peroni
64,steak
64,turkey
65,risotto
65,pretzels
65,apples
65,peppers
65,avocado
65,moscato
65,crackers
66,risotto
66,soda
66,tuna
66,crackers
66,peroni
66,chicken
66,prosciutto
67,risotto
67,pretzels
67,apples
67,peppers
67,avocado
67,crackers
67,sarsaparilla
68,tuna
68,prosciutto
68,apples
68,olives
68,steak
68,coke
68,soda
69,olives
69,sarsaparilla
69,coke
69,turkey
69,gelato
69,pretzels
69,avocado
70,prosciutto
70,peppers
70,sarsaparilla
70,crackers
70,chicken
70,soda
70,gelato
71,risotto
71,pretzels
71,apples
71,peppers
71,avocado
71,sarsaparilla
71,sarsaparilla
72,tuna
72,prosciutto
72,olives
72,ham
72,turkey
72,coke
72,apples
73,tuna
73,prosciutto
73,apples
73,olives
73,steak
73,soda
73,avocado
74,risotto
74,pretzels
74,apples
74,peppers
74,avocado
74,turkey
74,soda
75,pretzels
75,peroni
75,chicken
75,coke
75,gelato
75,avocado
75,risotto
76,prosciutto
76,peppers
76,sarsaparilla
76,crackers
76,chicken
76,apples
76,coke
77,tuna
77,prosciutto
77,olives
77,ham
77,turkey
77,peppers
77,crackers
78,olives
78,sarsaparilla
78,coke
78,turkey
78,gelato
78,crackers
78,prosciutto
79,risotto
79,tuna
79,avocado
79,hummus
79,peroni
79,ham
79,apples
80,prosciutto
80,peppers
80,sarsaparilla
80,crackers
80,chicken
80,steak
80,turkey
81,avocado
81,crackers
81,hummus
81,peroni
81,ham
81,soda
81,steak
82,avocado
82,crackers
82,hummus
82,peroni
82,ham
82,prosciutto
82,risotto
83,prosciutto
83,peppers
83,sarsaparilla
83,crackers
83,chicken
83,tuna
83,apples
84,tuna
84,prosciutto
84,apples
84,olives
84,steak
84,coke
84,ham
85,avocado
85,crackers
85,hummus
85,peroni
85,ham
85,tuna
85,soda
86,tuna
86,prosciutto
86,apples
86,olives
86,steak
86,risotto
86,turkey
87,tuna
87,prosciutto
87,olives
87,ham
87,turkey
87,chicken
87,coke
88,tuna
88,prosciutto
88,apples
88,olives
88,steak
88,coke
88,hummus
89,tuna
89,prosciutto
89,olives
89,ham
89,turkey
89,apples
89,gelato
90,avocado
90,crackers
90,hummus
90,peroni
90,ham
90,steak
90,olives
91,risotto
91,soda
91,tuna
91,crackers
91,peroni
91,peppers
91,prosciutto
92,risotto
92,tuna
92,avocado
92,hummus
92,peroni
92,moscato
92,prosciutto
93,risotto
93,soda
93,tuna
93,crackers
93,peroni
93,gelato
93,chicken
94,soda
94,olives
94,sarsaparilla
94,crackers
94,peroni
94,apples
94,prosciutto
95,prosciutto
95,peppers
95,sarsaparilla
95,crackers
95,chicken
95,apples
95,coke
96,tuna
96,prosciutto
96,olives
96,ham
96,turkey
96,gelato
96,hummus
97,pretzels
97,peroni
97,chicken
97,coke
97,gelato
97,prosciutto
97,prosciutto
98,olives
98,sarsaparilla
98,coke
98,turkey
98,gelato
98,peroni
98,soda
99,soda
99,olives
99,sarsaparilla
99,crackers
99,peroni
99,steak
99,pretzels
100,tuna
100,prosciutto
100,apples
100,olives
100,steak
100,peppers
100,risotto
101,risotto
101,pretzels
101,apples
101,peppers
101,avocado
101,soda
101,coke
102,tuna
102,prosciutto
102,olives
102,ham
102,turkey
102,peppers
102,gelato
103,tuna
103,prosciutto
103,olives
103,ham
103,turkey
103,sarsaparilla
103,sarsaparilla
104,risotto
104,soda
104,tuna
104,crackers
104,peroni
104,peppers
104,pretzels
105,avocado
105,crackers
105,hummus
105,peroni
105,ham
105,prosciutto
105,pretzels
106,tuna
106,prosciutto
106,apples
106,olives
106,steak
106,risotto
106,ham
107,prosciutto
107,peppers
107,sarsaparilla
107,crackers
107,chicken
107,risotto
107,tuna
108,pretzels
108,peroni
108,chicken
108,coke
108,gelato
108,ham
108,prosciutto
109,risotto
109,tuna
109,avocado
109,hummus
109,peroni
109,ham
109,prosciutto
110,soda
110,olives
110,sarsaparilla
110,crackers
110,peroni
110,avocado
110,chicken
111,risotto
111,pretzels
111,apples
111,peppers
111,avocado
111,peroni
111,tuna
112,pretzels
112,peroni
112,chicken
112,coke
112,gelato
112,moscato
112,olives
113,risotto
113,pretzels
113,apples
113,peppers
113,avocado
113,chicken
113,turkey
114,pretzels
114,peroni
114,chicken
114,coke
114,gelato
114,turkey
114,tuna
115,olives
115,sarsaparilla
115,coke
115,turkey
115,gelato
115,steak
115,peroni
116,soda
116,olives
116,sarsaparilla
116,crackers
116,peroni
116,ham
116,avocado
117,tuna
117,prosciutto
117,olives
117,ham
117,turkey
117,sarsaparilla
117,pretzels
118,pretzels
118,peroni
118,chicken
118,coke
118,gelato
118,apples
118,apples
119,olives
119,sarsaparilla
119,coke
119,turkey
119,gelato
119,tuna
119,ham
120,tuna
120,prosciutto
120,apples
120,olives
120,steak
120,chicken
120,ham
121,risotto
121,tuna
121,avocado
121,hummus
121,peroni
121,chicken
121,crackers
122,risotto
122,pretzels
122,apples
122,peppers
122,avocado
122,chicken
122,hummus
123,risotto
123,soda
123,tuna
123,crackers
123,peroni
123,sarsaparilla
123,peppers
124,soda
124,olives
124,sarsaparilla
124,crackers
124,peroni
124,gelato
124,pretzels
125,risotto
125,tuna
125,avocado
125,hummus
125,peroni
125,soda
125,chicken
126,prosciutto
126,peppers
126,sarsaparilla
126,crackers
126,chicken
126,soda
126,gelato
127,tuna
127,prosciutto
127,olives
127,ham
127,turkey
127,crackers
127,steak
128,olives
128,sarsaparilla
128,coke
128,turkey
128,gelato
128,peppers
128,chicken
129,soda
129,olives
129,sarsaparilla
129,crackers
129,peroni
129,coke
129,chicken
130,olives
130,sarsaparilla
130,coke
130,turkey
130,gelato
130,peppers
130,avocado
131,avocado
131,crackers
131,hummus
131,peroni
131,ham
131,chicken
131,prosciutto
132,risotto
132,soda
132,tuna
132,crackers
132,peroni
132,avocado
132,chicken
133,tuna
133,prosciutto
133,olives
133,ham
133,turkey
133,apples
133,steak
134,soda
134,olives
134,sarsaparilla
134,crackers
134,peroni
134,ham
134,tuna
135,risotto
135,tuna
135,avocado
135,hummus
135,peroni
135,apples
135,turkey
136,pretzels
136,peroni
136,chicken
136,coke
136,gelato
136,tuna
136,peppers
137,olives
137,sarsaparilla
137,coke
137,turkey
137,gelato
137,crackers
137,risotto
138,tuna
138,prosciutto
138,olives
138,ham
138,turkey
138,chicken
138,gelato
139,pretzels
139,peroni
139,chicken
139,coke
139,gelato
139,turkey
139,ham
140,avocado
140,crackers
140,hummus
140,peroni
140,ham
140,chicken
140,prosciutto
141,risotto
141,tuna
141,avocado
141,hummus
141,peroni
141,chicken
141,peppers
142,soda
142,olives
142,sarsaparilla
142,crackers
142,peroni
142,moscato
142,avocado
143,pretzels
143,peroni
143,chicken
143,coke
143,gelato
143,apples
143,soda
144,avocado
144,crackers
144,hummus
144,peroni
144,ham
144,moscato
144,coke
145,risotto
145,tuna
145,avocado
145,hummus
145,peroni
145,sarsaparilla
145,apples
146,tuna
146,prosciutto
146,olives
146,ham
146,turkey
146,coke
146,peroni
147,avocado
147,crackers
147,hummus
147,peroni
147,ham
147,olives
147,chicken
148,soda
148,olives
148,sarsaparilla
148,crackers
148,peroni
148,apples
148,prosciutto
149,olives
149,sarsaparilla
149,coke
149,turkey
149,gelato
149,moscato
149,soda
150,avocado
150,crackers
150,hummus
150,peroni
150,ham
150,steak
150,chicken
151,tuna
151,prosciutto
151,olives
151,ham
151,turkey
151,soda
151,crackers
152,prosciutto
152,peppers
152,sarsaparilla
152,crackers
152,chicken
152,steak
152,apples
153,risotto
153,soda
153,tuna
153,crackers
153,peroni
153,avocado
153,turkey
154,olives
154,sarsaparilla
154,coke
154,turkey
154,gelato
154,hummus
154,apples
155,risotto
155,pretzels
155,apples
155,peppers
155,avocado
155,steak
155,turkey
156,prosciutto
156,peppers
156,sarsaparilla
156,crackers
156,chicken
156,pretzels
156,olives
157,risotto
157,tuna
157,avocado
157,hummus
157,peroni
157,olives
157,sarsaparilla
158,avocado
158,crackers
158,hummus
158,peroni
158,ham
158,turkey
158,gelato
159,prosciutto
159,peppers
159,sarsaparilla
159,crackers
159,chicken
159,tuna
159,pretzels
160,tuna
160,prosciutto
160,olives
160,ham
160,turkey
160,hummus
160,chicken
161,tuna
161,prosciutto
161,apples
161,olives
161,steak
161,peppers
161,peppers
162,risotto
162,pretzels
162,apples
162,peppers
162,avocado
162,olives
162,hummus
163,risotto
163,tuna
163,avocado
163,hummus
163,peroni
163,chicken
163,sarsaparilla
164,risotto
164,pretzels
164,apples
164,peppers
164,avocado
164,ham
164,coke
165,pretzels
165,peroni
165,chicken
165,coke
165,gelato
165,sarsaparilla
165,avocado
166,avocado
166,crackers
166,hummus
166,peroni
166,ham
166,moscato
166,chicken
167,tuna
167,prosciutto
167,olives
167,ham
167,turkey
167,soda
167,peppers
168,prosciutto
168,peppers
168,sarsaparilla
168,crackers
168,chicken
168,tuna
168,soda
169,tuna
169,prosciutto
169,olives
169,ham
169,turkey
169,gelato
169,pretzels
170,avocado
170,crackers
170,hummus
170,peroni
170,ham
170,sarsaparilla
170,soda
171,avocado
171,crackers
171,hummus
171,peroni
171,ham
171,pretzels
171,peppers
172,prosciutto
172,peppers
172,sarsaparilla
172,crackers
172,chicken
172,peroni
172,ham
173,risotto
173,tuna
173,avocado
173,hummus
173,peroni
173,olives
173,peppers
174,soda
174,olives
174,sarsaparilla
174,crackers
174,peroni
174,prosciutto
174,risotto
175,olives
175,sarsaparilla
175,coke
175,turkey
175,gelato
175,steak
175,peroni
176,risotto
176,soda
176,tuna
176,crackers
176,peroni
176,sarsaparilla
176,prosciutto
177,pretzels
177,peroni
177,chicken
177,coke
177,gelato
177,crackers
177,ham
178,tuna
178,prosciutto
178,apples
178,olives
178,steak
178,avocado
178,avocado
179,prosciutto
179,peppers
179,sarsaparilla
179,crackers
179,chicken
179,ham
179,tuna
180,risotto
180,soda
180,tuna
180,crackers
180,peroni
180,olives
180,gelato
181,olives
181,sarsaparilla
181,coke
181,turkey
181,gelato
181,peppers
181,steak
182,tuna
182,prosciutto
182,apples
182,olives
182,steak
182,sarsaparilla
182,peroni
183,risotto
183,pretzels
183,apples
183,peppers
183,avocado
183,crackers
183,olives
184,prosciutto
184,peppers
184,sarsaparilla
184,crackers
184,chicken
184,turkey
184,apples
185,avocado
185,crackers
185,hummus
185,peroni
185,ham
185,steak
185,soda
186,tuna
186,prosciutto
186,olives
186,ham
186,turkey
186,risotto
186,peroni
187,avocado
187,crackers
187,hummus
187,peroni
187,ham
187,apples
187,chicken
188,risotto
188,soda
188,tuna
188,crackers
188,peroni
188,moscato
188,coke
189,pretzels
189,peroni
189,chicken
189,coke
189,gelato
189,tuna
189,sarsaparilla
190,pretzels
190,peroni
190,chicken
190,coke
190,gelato
190,tuna
190,apples
191,olives
191,sarsaparilla
191,coke
191,turkey
191,gelato
191,crackers
191,steak
192,tuna
192,prosciutto
192,apples
192,olives
192,steak
192,sarsaparilla
192,peppers
193,avocado
193,crackers
193,hummus
193,peroni
193,ham
193,sarsaparilla
193,tuna
194,risotto
194,tuna
194,avocado
194,hummus
194,peroni
194,moscato
194,pretzels
195,olives
195,sarsaparilla
195,coke
195,turkey
195,gelato
195,moscato
195,peroni
196,tuna
196,prosciutto
196,olives
196,ham
196,turkey
196,gelato
196,soda
197,tuna
197,prosciutto
197,apples
197,olives
197,steak
197,peroni
197,ham
198,olives
198,sarsaparilla
198,coke
198,turkey
198,gelato
198,peppers
198,hummus
199,pretzels
199,peroni
199,chicken
199,coke
199,gelato
199,moscato
199,olives
200,olives
200,sarsaparilla
200,coke
200,turkey
200,gelato
200,peroni
200,crackers
201,prosciutto
201,peppers
201,sarsaparilla
201,crackers
201,chicken
201,ham
201,soda
202,risotto
202,tuna
202,avocado
202,hummus
202,peroni
202,steak
202,pretzels
203,tuna
203,prosciutto
203,apples
203,olives
203,steak
203,chicken
203,coke
204,risotto
204,pretzels
204,apples
204,peppers
204,avocado
204,peroni
204,gelato
205,tuna
205,prosciutto
205,olives
205,ham
205,turkey
205,avocado
205,steak
206,avocado
206,crackers
206,hummus
206,peroni
206,ham
206,gelato
206,pretzels
207,tuna
207,prosciutto
207,apples
207,olives
207,steak
207,pretzels
207,sarsaparilla
208,risotto
208,pretzels
208,apples
208,peppers
208,avocado
208,steak
208,gelato
209,avocado
209,crackers
209,hummus
209,peroni
209,ham
209,pretzels
209,prosciutto
210,prosciutto
210,peppers
210,sarsaparilla
210,crackers
210,chicken
210,coke
210,tuna
211,risotto
211,pretzels
211,apples
211,peppers
211,avocado
211,prosciutto
211,soda
212,avocado
212,crackers
212,hummus
212,peroni
212,ham
212,soda
212,coke
213,risotto
213,tuna
213,avocado
213,hummus
213,peroni
213,soda
213,gelato
214,risotto
214,tuna
214,avocado
214,hummus
214,peroni
214,chicken
214,coke
215,pretzels
215,peroni
215,chicken
215,coke
215,gelato
215,hummus
215,risotto
216,olives
216,sarsaparilla
216,coke
216,turkey
216,gelato
216,peroni
216,risotto
217,tuna
217,prosciutto
217,apples
217,olives
217,steak
217,crackers
217,chicken
218,risotto
218,tuna
218,avocado
218,hummus
218,peroni
218,apples
218,peppers
219,tuna
219,prosciutto
219,apples
219,olives
219,steak
219,ham
219,peroni
220,tuna
220,prosciutto
220,apples
220,olives
220,steak
220,moscato
220,avocado
221,pretzels
221,peroni
221,chicken
221,coke
221,gelato
221,olives
221,soda
222,soda
222,olives
222,sarsaparilla
222,crackers
222,peroni
222,turkey
222,steak
223,soda
223,olives
223,sarsaparilla
223,crackers
223,peroni
223,turkey
223,prosciutto
224,tuna
224,prosciutto
224,apples
224,olives
224,steak
224,pretzels
224,gelato
225,soda
225,olives
225,sarsaparilla
225,crackers
225,peroni
225,pretzels
225,chicken
226,pretzels
226,peroni
226,chicken
226,coke
226,gelato
226,apples
226,hummus
227,prosciutto
227,peppers
227,sarsaparilla
227,crackers
227,chicken
227,turkey
227,apples
228,olives
228,sarsaparilla
228,coke
228,turkey
228,gelato
228,ham
228,risotto
229,risotto
229,soda
229,tuna
229,crackers
229,peroni
229,turkey
229,turkey
230,olives
230,sarsaparilla
230,coke
230,turkey
230,gelato
230,hummus
230,apples
231,avocado
231,crackers
231,hummus
231,peroni
231,ham
231,turkey
231,olives
232,tuna
232,prosciutto
232,apples
232,olives
232,steak
232,avocado
232,sarsaparilla
233,risotto
233,tuna
233,avocado
233,hummus
233,peroni
233,soda
233,olives
234,tuna
234,prosciutto
234,apples
234,olives
234,steak
234,peppers
234,peppers
235,tuna
235,prosciutto
235,apples
235,olives
235,steak
235,hummus
235,avocado
236,risotto
236,tuna
236,avocado
236,hummus
236,peroni
236,crackers
236,apples
237,avocado
237,crackers
237,hummus
237,peroni
237,ham
237,moscato
237,steak
238,risotto
238,tuna
238,avocado
238,hummus
238,peroni
238,sarsaparilla
238,ham
239,avocado
239,crackers
239,hummus
239,peroni
239,ham
239,sarsaparilla
239,apples
240,tuna
240,prosciutto
240,apples
240,olives
240,steak
240,risotto
240,sarsaparilla
241,risotto
241,pretzels
241,apples
241,peppers
241,avocado
241,olives
241,crackers
242,risotto
242,pretzels
242,apples
242,peppers
242,avocado
242,sarsaparilla
242,sarsaparilla
243,pretzels
243,peroni
243,chicken
243,coke
243,gelato
243,peppers
243,sarsaparilla
244,pretzels
244,peroni
244,chicken
244,coke
244,gelato
244,tuna
244,apples
245,avocado
245,crackers
245,hummus
245,peroni
245,ham
245,apples
245,gelato
246,pretzels
246,peroni
246,chicken
246,coke
246,gelato
246,sarsaparilla
246,hummus
247,olives
247,sarsaparilla
247,coke
247,turkey
247,gelato
247,risotto
247,steak
248,olives
248,sarsaparilla
248,coke
248,turkey
248,gelato
248,crackers
248,chicken
249,risotto
249,tuna
249,avocado
249,hummus
249,peroni
249,steak
249,prosciutto
250,pretzels
250,peroni
250,chicken
250,coke
250,gelato
250,apples
250,turkey
251,olives
251,sarsaparilla
251,coke
251,turkey
251,gelato
251,soda
251,pretzels
252,tuna
252,prosciutto
252,apples
252,olives
252,steak
252,moscato
252,hummus
253,avocado
253,crackers
253,hummus
253,peroni
253,ham
253,prosciutto
253,chicken
254,risotto
254,soda
254,tuna
254,crackers
254,peroni
254,avocado
254,hummus
255,olives
255,sarsaparilla
255,coke
255,turkey
255,gelato
255,moscato
255,ham
256,avocado
256,crackers
256,hummus
256,peroni
256,ham
256,tuna
256,gelato
257,pretzels
257,peroni
257,chicken
257,coke
257,gelato
257,hummus
257,steak
258,soda
258,olives
258,sarsaparilla
258,crackers
258,peroni
258,chicken
258,tuna
259,risotto
259,tuna
259,avocado
259,hummus
259,peroni
259,moscato
259,soda
260,soda
260,olives
260,sarsaparilla
260,crackers
260,peroni
260,avocado
260,avocado
261,risotto
261,pretzels
261,apples
261,peppers
261,avocado
261,sarsaparilla
261,hummus
262,pretzels
262,peroni
262,chicken
262,coke
262,gelato
262,tuna
262,ham
263,risotto
263,pretzels
263,apples
263,peppers
263,avocado
263,hummus
263,soda
264,tuna
264,prosciutto
264,olives
264,ham
264,turkey
264,sarsaparilla
264,peppers
265,prosciutto
265,peppers
265,sarsaparilla
265,crackers
265,chicken
265,risotto
265,peroni
266,tuna
266,prosciutto
266,olives
266,ham
266,turkey
266,peroni
266,sarsaparilla
267,soda
267,olives
267,sarsaparilla
267,crackers
267,peroni
267,peppers
267,avocado
268,risotto
268,soda
268,tuna
268,crackers
268,peroni
268,hummus
268,avocado
269,pretzels
269,peroni
269,chicken
269,coke
269,gelato
269,sarsaparilla
269,prosciutto
270,olives
270,sarsaparilla
270,coke
270,turkey
270,gelato
270,apples
270,peppers
271,risotto
271,pretzels
271,apples
271,peppers
271,avocado
271,prosciutto
271,crackers
272,avocado
272,crackers
272,hummus
272,peroni
272,ham
272,steak
272,prosciutto
273,soda
273,olives
273,sarsaparilla
273,crackers
273,peroni
273,steak
273,gelato
274,avocado
274,crackers
274,hummus
274,peroni
274,ham
274,soda
274,steak
275,soda
275,olives
275,sarsaparilla
275,crackers
275,peroni
275,ham
275,risotto
276,risotto
276,pretzels
276,apples
276,peppers
276,avocado
276,crackers
276,steak
277,soda
277,olives
277,sarsaparilla
277,crackers
277,peroni
277,steak
277,steak
278,tuna
278,prosciutto
278,apples
278,olives
278,steak
278,gelato
278,coke
279,prosciutto
279,peppers
279,sarsaparilla
279,crackers
279,chicken
279,ham
279,peroni
280,pretzels
280,peroni
280,chicken
280,coke
280,gelato
280,crackers
280,soda
281,tuna
281,prosciutto
281,olives
281,ham
281,turkey
281,chicken
281,coke
282,risotto
282,pretzels
282,apples
282,peppers
282,avocado
282,steak
282,crackers
283,tuna
283,prosciutto
283,apples
283,olives
283,steak
283,hummus
283,hummus
284,tuna
284,prosciutto
284,apples
284,olives
284,steak
284,moscato
284,ham
285,olives
285,sarsaparilla
285,coke
285,turkey
285,gelato
285,pretzels
285,peroni
286,avocado
286,crackers
286,hummus
286,peroni
286,ham
286,moscato
286,chicken
287,olives
287,sarsaparilla
287,coke
287,turkey
287,gelato
287,apples
287,risotto
288,tuna
288,prosciutto
288,olives
288,ham
288,turkey
288,avocado
288,peroni
289,risotto
289,soda
289,tuna
289,crackers
289,peroni
289,peppers
289,avocado
290,tuna
290,prosciutto
290,apples
290,olives
290,steak
290,ham
290,risotto
291,tuna
291,prosciutto
291,apples
291,olives
291,steak
291,soda
291,risotto
292,soda
292,olives
292,sarsaparilla
292,crackers
292,peroni
292,chicken
292,apples
293,tuna
293,prosciutto
293,olives
293,ham
293,turkey
293,risotto
293,soda
294,risotto
294,soda
294,tuna
294,crackers
294,peroni
294,gelato
294,avocado
295,risotto
295,tuna
295,avocado
295,hummus
295,peroni
295,gelato
295,ham
296,prosciutto
296,peppers
296,sarsaparilla
296,crackers
296,chicken
296,steak
296,ham
297,risotto
297,pretzels
297,apples
297,peppers
297,avocado
297,sarsaparilla
297,hummus
298,pretzels
298,peroni
298,chicken
298,coke
298,gelato
298,moscato
298,prosciutto
299,tuna
299,prosciutto
299,apples
299,olives
299,steak
299,avocado
299,hummus
300,risotto
300,tuna
300,avocado
300,hummus
300,peroni
300,chicken
300,turkey
301,pretzels
301,peroni
301,chicken
301,coke
301,gelato
301,steak
301,tuna
302,risotto
302,pretzels
302,apples
302,peppers
302,avocado
302,prosciutto
302,steak
303,risotto
303,soda
303,tuna
303,crackers
303,peroni
303,sarsaparilla
303,pretzels
304,prosciutto
304,peppers
304,sarsaparilla
304,crackers
304,chicken
304,apples
304,peroni
305,tuna
305,prosciutto
305,olives
305,ham
305,turkey
305,peppers
305,crackers
306,tuna
306,prosciutto
306,apples
306,olives
306,steak
306,moscato
306,coke
307,tuna
307,prosciutto
307,apples
307,olives
307,steak
307,soda
307,hummus
308,pretzels
308,peroni
308,chicken
308,coke
308,gelato
308,tuna
308,crackers
309,prosciutto
309,peppers
309,sarsaparilla
309,crackers
309,chicken
309,pretzels
309,ham
310,risotto
310,soda
310,tuna
310,crackers
310,peroni
310,turkey
310,steak
311,tuna
311,prosciutto
311,olives
311,ham
311,turkey
311,coke
311,pretzels
312,risotto
312,soda
312,tuna
312,crackers
312,peroni
312,apples
312,ham
313,risotto
313,pretzels
313,apples
313,peppers
313,avocado
313,soda
313,chicken
314,tuna
314,prosciutto
314,apples
314,olives
314,steak
314,peroni
314,pretzels
315,tuna
315,prosciutto
315,apples
315,olives
315,steak
315,turkey
315,coke
316,tuna
316,prosciutto
316,olives
316,ham
316,turkey
316,apples
316,steak
317,olives
317,sarsaparilla
317,coke
317,turkey
317,gelato
317,ham
317,prosciutto
318,olives
318,sarsaparilla
318,coke
318,turkey
318,gelato
318,peroni
318,risotto
319,tuna
319,prosciutto
319,olives
319,ham
319,turkey
319,crackers
319,avocado
320,risotto
320,tuna
320,avocado
320,hummus
320,peroni
320,peppers
320,steak
321,prosciutto
321,peppers
321,sarsaparilla
321,crackers
321,chicken
321,olives
321,turkey
322,risotto
322,pretzels
322,apples
322,peppers
322,avocado
322,moscato
322,peroni
323,tuna
323,prosciutto
323,olives
323,ham
323,turkey
323,steak
323,steak
324,risotto
324,soda
324,tuna
324,crackers
324,peroni
324,peppers
324,peppers
325,pretzels
325,peroni
325,chicken
325,coke
325,gelato
325,ham
325,sarsaparilla
326,pretzels
326,peroni
326,chicken
326,coke
326,gelato
326,soda
326,avocado
327,prosciutto
327,peppers
327,sarsaparilla
327,crackers
327,chicken
327,turkey
327,coke
328,soda
328,olives
328,sarsaparilla
328,crackers
328,peroni
328,prosciutto
328,peppers
329,soda
329,olives
329,sarsaparilla
329,crackers
329,peroni
329,moscato
329,hummus
330,avocado
330,crackers
330,hummus
330,peroni
330,ham
330,coke
330,gelato
331,tuna
331,prosciutto
331,olives
331,ham
331,turkey
331,soda
331,apples
332,prosciutto
332,peppers
332,sarsaparilla
332,crackers
332,chicken
332,peroni
332,apples
333,risotto
333,soda
333,tuna
333,crackers
333,peroni
333,chicken
333,olives
334,risotto
334,soda
334,tuna
334,crackers
334,peroni
334,turkey
334,pretzels
335,olives
335,sarsaparilla
335,coke
335,turkey
335,gelato
335,crackers
335,peroni
336,soda
336,olives
336,sarsaparilla
336,crackers
336,peroni
336,moscato
336,chicken
337,risotto
337,tuna
337,avocado
337,hummus
337,peroni
337,prosciutto
337,apples
338,pretzels
338,peroni
338,chicken
338,coke
338,gelato
338,prosciutto
338,olives
339,prosciutto
339,peppers
339,sarsaparilla
339,crackers
339,chicken
339,risotto
339,ham
340,tuna
340,prosciutto
340,olives
340,ham
340,turkey
340,steak
340,chicken
341,pretzels
341,peroni
341,chicken
341,coke
341,gelato
341,avocado
341,ham
342,olives
342,sarsaparilla
342,coke
342,turkey
342,gelato
342,peppers
342,tuna
343,soda
343,olives
343,sarsaparilla
343,crackers
343,peroni
343,tuna
343,apples
344,tuna
344,prosciutto
344,apples
344,olives
344,steak
344,crackers
344,gelato
345,risotto
345,soda
345,tuna
345,crackers
345,peroni
345,peppers
345,gelato
346,risotto
346,soda
346,tuna
346,crackers
346,peroni
346,coke
346,olives
347,prosciutto
347,peppers
347,sarsaparilla
347,crackers
347,chicken
347,ham
347,peroni
348,risotto
348,pretzels
348,apples
348,peppers
348,avocado
348,olives
348,peroni
349,olives
349,sarsaparilla
349,coke
349,turkey
349,gelato
349,prosciutto
349,pretzels
350,pretzels
350,peroni
350,chicken
350,coke
350,gelato
350,soda
350,sarsaparilla
351,risotto
351,soda
351,tuna
351,crackers
351,peroni
351,prosciutto
351,ham
352,soda
352,olives
352,sarsaparilla
352,crackers
352,peroni
352,steak
352,tuna
353,risotto
353,soda
353,tuna
353,crackers
353,peroni
353,prosciutto
353,pretzels
354,avocado
354,crackers
354,hummus
354,peroni
354,ham
354,sarsaparilla
354,peppers
355,soda
355,olives
355,sarsaparilla
355,crackers
355,peroni
355,apples
355,pretzels
356,risotto
356,tuna
356,avocado
356,hummus
356,peroni
356,sarsaparilla
356,sarsaparilla
357,risotto
357,tuna
357,avocado
357,hummus
357,peroni
357,pretzels
357,prosciutto
358,tuna
358,prosciutto
358,olives
358,ham
358,turkey
358,hummus
358,crackers
359,risotto
359,tuna
359,avocado
359,hummus
359,peroni
359,olives
359,prosciutto
360,prosciutto
360,peppers
360,sarsaparilla
360,crackers
360,chicken
360,olives
360,ham
361,avocado
361,crackers
361,hummus
361,peroni
361,ham
361,risotto
361,prosciutto
362,tuna
362,prosciutto
362,apples
362,olives
362,steak
362,crackers
362,coke
363,risotto
363,tuna
363,avocado
363,hummus
363,peroni
363,sarsaparilla
363,prosciutto
364,risotto
364,pretzels
364,apples
364,peppers
364,avocado
364,turkey
364,turkey
365,prosciutto
365,peppers
365,sarsaparilla
365,crackers
365,chicken
365,olives
365,olives
366,prosciutto
366,peppers
366,sarsaparilla
366,crackers
366,chicken
366,olives
366,gelato
367,pretzels
367,peroni
367,chicken
367,coke
367,gelato
367,moscato
367,risotto
368,tuna
368,prosciutto
368,apples
368,olives
368,steak
368,ham
368,avocado
369,tuna
369,prosciutto
369,olives
369,ham
369,turkey
369,soda
369,steak
370,risotto
370,tuna
370,avocado
370,hummus
370,peroni
370,sarsaparilla
370,turkey
371,risotto
371,soda
371,tuna
371,crackers
371,peroni
371,gelato
371,steak
372,soda
372,olives
372,sarsaparilla
372,crackers
372,peroni
372,moscato
372,risotto
373,pretzels
373,peroni
373,chicken
373,coke
373,gelato
373,turkey
373,ham
374,olives
374,sarsaparilla
374,coke
374,turkey
374,gelato
374,peppers
374,chicken
375,risotto
375,soda
375,tuna
375,crackers
375,peroni
375,olives
375,olives
376,tuna
376,prosciutto
376,apples
376,olives
376,steak
376,coke
376,crackers
377,avocado
377,crackers
377,hummus
377,peroni
377,ham
377,soda
377,peppers
378,risotto
378,tuna
378,avocado
378,hummus
378,peroni
378,turkey
378,sarsaparilla
379,avocado
379,crackers
379,hummus
379,peroni
379,ham
379,pretzels
379,turkey
380,risotto
380,tuna
380,avocado
380,hummus
380,peroni
380,moscato
380,soda
381,tuna
381,prosciutto
381,olives
381,ham
381,turkey
381,peroni
381,peroni
382,risotto
382,pretzels
382,apples
382,peppers
382,avocado
382,moscato
382,coke
383,soda
383,olives
383,sarsaparilla
383,crackers
383,peroni
383,turkey
383,chicken
384,prosciutto
384,peppers
384,sarsaparilla
384,crackers
384,chicken
384,ham
384,avocado
385,risotto
385,pretzels
385,apples
385,peppers
385,avocado
385,soda
385,steak
386,avocado
386,crackers
386,hummus
386,peroni
386,ham
386,apples
386,soda
387,tuna
387,prosciutto
387,olives
387,ham
387,turkey
387,risotto
387,gelato
388,tuna
388,prosciutto
388,olives
388,ham
388,turkey
388,soda
388,avocado
389,pretzels
389,peroni
389,chicken
389,coke
389,gelato
389,crackers
389,peppers
390,tuna
390,prosciutto
390,olives
390,ham
390,turkey
390,peppers
390,avocado
391,risotto
391,soda
391,tuna
391,crackers
391,peroni
391,peppers
391,apples
392,olives
392,sarsaparilla
392,coke
392,turkey
392,gelato
392,ham
392,risotto
393,risotto
393,pretzels
393,apples
393,peppers
393,avocado
393,olives
393,gelato
394,risotto
394,tuna
394,avocado
394,hummus
394,peroni
394,peppers
394,ham
395,risotto
395,soda
395,tuna
395,crackers
395,peroni
395,sarsaparilla
395,prosciutto
396,avocado
396,crackers
396,hummus
396,peroni
396,ham
396,chicken
396,soda
397,risotto
397,soda
397,tuna
397,crackers
397,peroni
397,peppers
397,sarsaparilla
398,risotto
398,pretzels
398,apples
398,peppers
398,avocado
398,moscato
398,coke
399,tuna
399,prosciutto
399,olives
399,ham
399,turkey
399,moscato
399,peppers
400,soda
400,olives
400,sarsaparilla
400,crackers
400,peroni
400,coke
400,prosciutto
401,avocado
401,crackers
401,hummus
401,peroni
401,ham
401,gelato
401,sarsaparilla
402,soda
402,olives
402,sarsaparilla
402,crackers
402,peroni
402,prosciutto
402,ham
403,soda
403,olives
403,sarsaparilla
403,crackers
403,peroni
403,tuna
403,coke
404,tuna
404,prosciutto
404,olives
404,ham
404,turkey
404,moscato
404,gelato
405,risotto
405,pretzels
405,apples
405,peppers
405,avocado
405,peroni
405,prosciutto
406,prosciutto
406,peppers
406,sarsaparilla
406,crackers
406,chicken
406,peroni
406,apples
407,risotto
407,tuna
407,avocado
407,hummus
407,peroni
407,steak
407,apples
408,soda
408,olives
408,sarsaparilla
408,crackers
408,peroni
408,steak
408,hummus
409,risotto
409,tuna
409,avocado
409,hummus
409,peroni
409,steak
409,turkey
410,prosciutto
410,peppers
410,sarsaparilla
410,crackers
410,chicken
410,gelato
410,apples
411,risotto
411,pretzels
411,apples
411,peppers
411,avocado
411,tuna
411,crackers
412,risotto
412,soda
412,tuna
412,crackers
412,peroni
412,steak
412,steak
413,risotto
413,tuna
413,avocado
413,hummus
413,peroni
413,coke
413,turkey
414,risotto
414,tuna
414,avocado
414,hummus
414,peroni
414,soda
414,olives
415,prosciutto
415,peppers
415,sarsaparilla
415,crackers
415,chicken
415,apples
415,steak
416,tuna
416,prosciutto
416,olives
416,ham
416,turkey
416,steak
416,pretzels
417,avocado
417,crackers
417,hummus
417,peroni
417,ham
417,olives
417,gelato
418,tuna
418,prosciutto
418,olives
418,ham
418,turkey
418,crackers
418,avocado
419,olives
419,sarsaparilla
419,coke
419,turkey
419,gelato
419,tuna
419,peroni
420,tuna
420,prosciutto
420,apples
420,olives
420,steak
420,sarsaparilla
420,chicken
421,risotto
421,soda
421,tuna
421,crackers
421,peroni
421,apples
421,coke
422,pretzels
422,peroni
422,chicken
422,coke
422,gelato
422,risotto
422,turkey
423,prosciutto
423,peppers
423,sarsaparilla
423,crackers
423,chicken
423,peroni
423,hummus
424,risotto
424,soda
424,tuna
424,crackers
424,peroni
424,apples
424,pretzels
425,tuna
425,prosciutto
425,olives
425,ham
425,turkey
425,hummus
425,avocado
426,pretzels
426,peroni
426,chicken
426,coke
426,gelato
426,moscato
426,tuna
427,risotto
427,pretzels
427,apples
427,peppers
427,avocado
427,soda
427,gelato
428,risotto
428,soda
428,tuna
428,crackers
428,peroni
428,hummus
428,apples
429,avocado
429,crackers
429,hummus
429,peroni
429,ham
429,tuna
429,turkey
430,tuna
430,prosciutto
430,apples
430,olives
430,steak
430,chicken
430,soda
431,avocado
431,crackers
431,hummus
431,peroni
431,ham
431,coke
431,soda
432,tuna
432,prosciutto
432,olives
432,ham
432,turkey
432,avocado
432,soda
433,soda
433,olives
433,sarsaparilla
433,crackers
433,peroni
433,chicken
433,apples
434,risotto
434,tuna
434,avocado
434,hummus
434,peroni
434,pretzels
434,peppers
435,pretzels
435,peroni
435,chicken
435,coke
435,gelato
435,crackers
435,risotto
436,pretzels
436,peroni
436,chicken
436,coke
436,gelato
436,prosciutto
436,sarsaparilla
437,olives
437,sarsaparilla
437,coke
437,turkey
437,gelato
437,peppers
437,apples
438,avocado
438,crackers
438,hummus
438,peroni
438,ham
438,gelato
438,sarsaparilla
439,risotto
439,soda
439,tuna
439,crackers
439,peroni
439,avocado
439,peppers
440,pretzels
440,peroni
440,chicken
440,coke
440,gelato
440,peppers
440,peppers
441,avocado
441,crackers
441,hummus
441,peroni
441,ham
441,prosciutto
441,chicken
442,prosciutto
442,peppers
442,sarsaparilla
442,crackers
442,chicken
442,risotto
442,steak
443,risotto
443,soda
443,tuna
443,crackers
443,peroni
443,sarsaparilla
443,peppers
444,risotto
444,tuna
444,avocado
444,hummus
444,peroni
444,turkey
444,apples
445,olives
445,sarsaparilla
445,coke
445,turkey
445,gelato
445,steak
445,chicken
446,risotto
446,tuna
446,avocado
446,hummus
446,peroni
446,ham
446,sarsaparilla
447,risotto
447,soda
447,tuna
447,crackers
447,peroni
447,ham
447,apples
448,avocado
448,crackers
448,hummus
448,peroni
448,ham
448,moscato
448,soda
449,tuna
449,prosciutto
449,apples
449,olives
449,steak
449,soda
449,coke
450,risotto
450,soda
450,tuna
450,crackers
450,peroni
450,avocado
450,sarsaparilla
451,pretzels
451,peroni
451,chicken
451,coke
451,gelato
451,hummus
451,risotto
452,soda
452,olives
452,sarsaparilla
452,crackers
452,peroni
452,prosciutto
452,hummus
453,risotto
453,soda
453,tuna
453,crackers
453,peroni
453,prosciutto
453,olives
454,avocado
454,crackers
454,hummus
454,peroni
454,ham
454,coke
454,gelato
455,olives
455,sarsaparilla
455,coke
455,turkey
455,gelato
455,moscato
455,apples
456,pretzels
456,peroni
456,chicken
456,coke
456,gelato
456,ham
456,peppers
457,risotto
457,tuna
457,avocado
457,hummus
457,peroni
457,pretzels
457,apples
458,avocado
458,crackers
458,hummus
458,peroni
458,ham
458,steak
458,steak
459,pretzels
459,peroni
459,chicken
459,coke
459,gelato
459,turkey
459,sarsaparilla
460,olives
460,sarsaparilla
460,coke
460,turkey
460,gelato
460,hummus
460,peroni
461,soda
461,olives
461,sarsaparilla
461,crackers
461,peroni
461,chicken
461,risotto
462,pretzels
462,peroni
462,chicken
462,coke
462,gelato
462,apples
462,crackers
463,risotto
463,pretzels
463,apples
463,peppers
463,avocado
463,peroni
463,prosciutto
464,risotto
464,soda
464,tuna
464,crackers
464,peroni
464,ham
464,pretzels
465,risotto
465,pretzels
465,apples
465,peppers
465,avocado
465,tuna
465,soda
466,avocado
466,crackers
466,hummus
466,peroni
466,ham
466,turkey
466,gelato
467,prosciutto
467,peppers
467,sarsaparilla
467,crackers
467,chicken
467,soda
467,ham
468,olives
468,sarsaparilla
468,coke
468,turkey
468,gelato
468,crackers
468,risotto
469,risotto
469,soda
469,tuna
469,crackers
469,peroni
469,prosciutto
469,gelato
470,prosciutto
470,peppers
470,sarsaparilla
470,crackers
470,chicken
470,hummus
470,hummus
471,risotto
471,soda
471,tuna
471,crackers
471,peroni
471,prosciutto
471,ham
472,soda
472,olives
472,sarsaparilla
472,crackers
472,peroni
472,gelato
472,turkey
473,risotto
473,pretzels
473,apples
473,peppers
473,avocado
473,prosciutto
473,olives
474,soda
474,olives
474,sarsaparilla
474,crackers
474,peroni
474,hummus
474,ham
475,tuna
475,prosciutto
475,apples
475,olives
475,steak
475,peppers
475,sarsaparilla
476,soda
476,olives
476,sarsaparilla
476,crackers
476,peroni
476,peppers
476,hummus
477,tuna
477,prosciutto
477,olives
477,ham
477,turkey
477,moscato
477,risotto
478,avocado
478,crackers
478,hummus
478,peroni
478,ham
478,pretzels
478,gelato
479,risotto
479,soda
479,tuna
479,crackers
479,peroni
479,steak
479,steak
480,avocado
480,crackers
480,hummus
480,peroni
480,ham
480,tuna
480,peppers
481,olives
481,sarsaparilla
481,coke
481,turkey
481,gelato
481,chicken
481,chicken
482,tuna
482,prosciutto
482,apples
482,olives
482,steak
482,chicken
482,gelato
483,tuna
483,prosciutto
483,olives
483,ham
483,turkey
483,avocado
483,apples
484,risotto
484,soda
484,tuna
484,crackers
484,peroni
484,steak
484,ham
485,tuna
485,prosciutto
485,olives
485,ham
485,turkey
485,coke
485,gelato
486,risotto
486,pretzels
486,apples
486,peppers
486,avocado
486,sarsaparilla
486,crackers
487,risotto
487,soda
487,tuna
487,crackers
487,peroni
487,steak
487,avocado
488,tuna
488,prosciutto
488,apples
488,olives
488,steak
488,chicken
488,turkey
489,risotto
489,soda
489,tuna
489,crackers
489,peroni
489,prosciutto
489,turkey
490,pretzels
490,peroni
490,chicken
490,coke
490,gelato
490,ham
490,prosciutto
491,tuna
491,prosciutto
491,olives
491,ham
491,turkey
491,moscato
491,peppers
492,prosciutto
492,peppers
492,sarsaparilla
492,crackers
492,chicken
492,gelato
492,tuna
493,tuna
493,prosciutto
493,apples
493,olives
493,steak
493,avocado
493,peppers
494,tuna
494,prosciutto
494,apples
494,olives
494,steak
494,hummus
494,gelato
495,pretzels
495,peroni
495,chicken
495,coke
495,gelato
495,olives
495,sarsaparilla
496,avocado
496,crackers
496,hummus
496,peroni
496,ham
496,sarsaparilla
496,soda
497,prosciutto
497,peppers
497,sarsaparilla
497,crackers
497,chicken
497,olives
497,hummus
498,risotto
498,tuna
498,avocado
498,hummus
498,peroni
498,olives
498,apples
499,pretzels
499,peroni
499,chicken
499,coke
499,gelato
499,avocado
499,peppers
500,tuna
500,prosciutto
500,olives
500,ham
500,turkey
500,steak
500,apples
501,pretzels
501,peroni
501,chicken
501,coke
501,gelato
501,tuna
501,tuna
502,pretzels
502,peroni
502,chicken
502,coke
502,gelato
502,apples
502,prosciutto
503,tuna
503,prosciutto
503,apples
503,olives
503,steak
503,turkey
503,gelato
504,risotto
504,tuna
504,avocado
504,hummus
504,peroni
504,apples
504,peppers
505,pretzels
505,peroni
505,chicken
505,coke
505,gelato
505,risotto
505,tuna
506,soda
506,olives
506,sarsaparilla
506,crackers
506,peroni
506,chicken
506,gelato
507,risotto
507,pretzels
507,apples
507,peppers
507,avocado
507,turkey
507,ham
508,risotto
508,soda
508,tuna
508,crackers
508,peroni
508,hummus
508,turkey
509,risotto
509,tuna
509,avocado
509,hummus
509,peroni
509,crackers
509,chicken
510,avocado
510,crackers
510,hummus
510,peroni
510,ham
510,gelato
510,prosciutto
511,olives
511,sarsaparilla
511,coke
511,turkey
511,gelato
511,peroni
511,steak
512,risotto
512,pretzels
512,apples
512,peppers
512,avocado
512,steak
512,peroni
513,avocado
513,crackers
513,hummus
513,peroni
513,ham
513,coke
513,apples
514,prosciutto
514,peppers
514,sarsaparilla
514,crackers
514,chicken
514,peroni
514,avocado
515,soda
515,olives
515,sarsaparilla
515,crackers
515,peroni
515,tuna
515,steak
516,olives
516,sarsaparilla
516,coke
516,turkey
516,gelato
516,risotto
516,chicken
517,risotto
517,soda
517,tuna
517,crackers
517,peroni
517,pretzels
517,olives
518,olives
518,sarsaparilla
518,coke
518,turkey
518,gelato
518,tuna
518,peroni
519,soda
519,olives
519,sarsaparilla
519,crackers
519,peroni
519,peppers
519,ham
520,prosciutto
520,peppers
520,sarsaparilla
520,crackers
520,chicken
520,soda
520,pretzels
521,pretzels
521,peroni
521,chicken
521,coke
521,gelato
521,soda
521,risotto
522,prosciutto
522,peppers
522,sarsaparilla
522,crackers
522,chicken
522,hummus
522,coke
523,pretzels
523,peroni
523,chicken
523,coke
523,gelato
523,hummus
523,sarsaparilla
524,olives
524,sarsaparilla
524,coke
524,turkey
524,gelato
524,avocado
524,pretzels
525,risotto
525,pretzels
525,apples
525,peppers
525,avocado
525,crackers
525,crackers
526,avocado
526,crackers
526,hummus
526,peroni
526,ham
526,peppers
526,coke
527,tuna
527,prosciutto
527,apples
527,olives
527,steak
527,moscato
527,avocado
528,risotto
528,tuna
528,avocado
528,hummus
528,peroni
528,peppers
528,ham
529,risotto
529,pretzels
529,apples
529,peppers
529,avocado
529,peroni
529,ham
530,risotto
530,tuna
530,avocado
530,hummus
530,peroni
530,sarsaparilla
530,chicken
531,risotto
531,soda
531,tuna
531,crackers
531,peroni
531,pretzels
531,hummus
532,pretzels
532,peroni
532,chicken
532,coke
532,gelato
532,hummus
532,turkey
533,prosciutto
533,peppers
533,sarsaparilla
533,crackers
533,chicken
533,tuna
533,hummus
534,soda
534,olives
534,sarsaparilla
534,crackers
534,peroni
534,gelato
534,gelato
535,risotto
535,pretzels
535,apples
535,peppers
535,avocado
535,prosciutto
535,crackers
536,olives
536,sarsaparilla
536,coke
536,turkey
536,gelato
536,hummus
536,crackers
537,avocado
537,crackers
537,hummus
537,peroni
537,ham
537,peppers
537,steak
538,tuna
538,prosciutto
538,olives
538,ham
538,turkey
538,sarsaparilla
538,pretzels
539,avocado
539,crackers
539,hummus
539,peroni
539,ham
539,peppers
539,gelato
540,olives
540,sarsaparilla
540,coke
540,turkey
540,gelato
540,steak
540,ham
541,risotto
541,tuna
541,avocado
541,hummus
541,peroni
541,coke
541,gelato
542,soda
542,olives
542,sarsaparilla
542,crackers
542,peroni
542,turkey
542,tuna
543,tuna
543,prosciutto
543,apples
543,olives
543,steak
543,ham
543,risotto
544,tuna
544,prosciutto
544,olives
544,ham
544,turkey
544,peroni
544,soda
545,tuna
545,prosciutto
545,olives
545,ham
545,turkey
545,peppers
545,risotto
546,tuna
546,prosciutto
546,olives
546,ham
546,turkey
546,coke
546,sarsaparilla
547,tuna
547,prosciutto
547,apples
547,olives
547,steak
547,pretzels
547,turkey
548,soda
548,olives
548,sarsaparilla
548,crackers
548,peroni
548,apples
548,hummus
549,tuna
549,prosciutto
549,olives
549,ham
549,turkey
549,peroni
549,crackers
550,avocado
550,crackers
550,hummus
550,peroni
550,ham
550,olives
550,coke
551,tuna
551,prosciutto
551,apples
551,olives
551,steak
551,soda
551,coke
552,risotto
552,tuna
552,avocado
552,hummus
552,peroni
552,ham
552,gelato
553,risotto
553,tuna
553,avocado
553,hummus
553,peroni
553,gelato
553,steak
554,risotto
554,soda
554,tuna
554,crackers
554,peroni
554,peppers
554,coke
555,prosciutto
555,peppers
555,sarsaparilla
555,crackers
555,chicken
555,peroni
555,pretzels
556,pretzels
556,peroni
556,chicken
556,coke
556,gelato
556,olives
556,ham
557,tuna
557,prosciutto
557,apples
557,olives
557,steak
557,avocado
557,ham
558,tuna
558,prosciutto
558,apples
558,olives
558,steak
558,moscato
558,hummus
559,tuna
559,prosciutto
559,olives
559,ham
559,turkey
559,sarsaparilla
559,crackers
560,risotto
560,soda
560,tuna
560,crackers
560,peroni
560,pretzels
560,avocado
561,pretzels
561,peroni
561,chicken
561,coke
561,gelato
561,moscato
561,steak
562,avocado
562,crackers
562,hummus
562,peroni
562,ham
562,moscato
562,gelato
563,pretzels
563,peroni
563,chicken
563,coke
563,gelato
563,soda
563,ham
564,tuna
564,prosciutto
564,olives
564,ham
564,turkey
564,risotto
564,hummus
565,risotto
565,tuna
565,avocado
565,hummus
565,peroni
565,peppers
565,peppers
566,risotto
566,pretzels
566,apples
566,peppers
566,avocado
566,prosciutto
566,olives
567,risotto
567,pretzels
567,apples
567,peppers
567,avocado
567,soda
567,olives
568,risotto
568,soda
568,tuna
568,crackers
568,peroni
568,chicken
568,olives
569,risotto
569,soda
569,tuna
569,crackers
569,peroni
569,sarsaparilla
569,pretzels
570,pretzels
570,peroni
570,chicken
570,coke
570,gelato
570,sarsaparilla
570,soda
571,risotto
571,soda
571,tuna
571,crackers
571,peroni
571,olives
571,avocado
572,pretzels
572,peroni
572,chicken
572,coke
572,gelato
572,avocado
572,olives
573,avocado
573,crackers
573,hummus
573,peroni
573,ham
573,sarsaparilla
573,gelato
574,risotto
574,soda
574,tuna
574,crackers
574,peroni
574,chicken
574,steak
575,tuna
575,prosciutto
575,olives
575,ham
575,turkey
575,hummus
575,steak
576,risotto
576,soda
576,tuna
576,crackers
576,peroni
576,apples
576,steak
577,risotto
577,pretzels
577,apples
577,peppers
577,avocado
577,turkey
577,prosciutto
578,olives
578,sarsaparilla
578,coke
578,turkey
578,gelato
578,moscato
578,prosciutto
579,pretzels
579,peroni
579,chicken
579,coke
579,gelato
579,hummus
579,steak
580,soda
580,olives
580,sarsaparilla
580,crackers
580,peroni
580,moscato
580,chicken
581,prosciutto
581,peppers
581,sarsaparilla
581,crackers
581,chicken
581,coke
581,soda
582,tuna
582,prosciutto
582,olives
582,ham
582,turkey
582,soda
582,crackers
583,tuna
583,prosciutto
583,apples
583,olives
583,steak
583,risotto
583,peppers
584,risotto
584,pretzels
584,apples
584,peppers
584,avocado
584,tuna
584,gelato
585,prosciutto
585,peppers
585,sarsaparilla
585,crackers
585,chicken
585,moscato
585,gelato
586,prosciutto
586,peppers
586,sarsaparilla
586,crackers
586,chicken
586,steak
586,risotto
587,prosciutto
587,peppers
587,sarsaparilla
587,crackers
587,chicken
587,risotto
587,ham
588,risotto
588,pretzels
588,apples
588,peppers
588,avocado
588,hummus
588,crackers
589,prosciutto
589,peppers
589,sarsaparilla
589,crackers
589,chicken
589,apples
589,risotto
590,risotto
590,pretzels
590,apples
590,peppers
590,avocado
590,sarsaparilla
590,sarsaparilla
591,tuna
591,prosciutto
591,olives
591,ham
591,turkey
591,sarsaparilla
591,peppers
592,olives
592,sarsaparilla
592,coke
592,turkey
592,gelato
592,peppers
592,soda
593,tuna
593,prosciutto
593,apples
593,olives
593,steak
593,sarsaparilla
593,avocado
594,avocado
594,crackers
594,hummus
594,peroni
594,ham
594,turkey
594,tuna
595,prosciutto
595,peppers
595,sarsaparilla
595,crackers
595,chicken
595,ham
595,steak
596,pretzels
596,peroni
596,chicken
596,coke
596,gelato
596,crackers
596,risotto
597,pretzels
597,peroni
597,chicken
597,coke
597,gelato
597,olives
597,peppers
598,risotto
598,soda
598,tuna
598,crackers
598,peroni
598,hummus
598,peppers
599,risotto
599,pretzels
599,apples
599,peppers
599,avocado
599,steak
599,olives
600,risotto
600,soda
600,tuna
600,crackers
600,peroni
600,chicken
600,chicken
601,soda
601,olives
601,sarsaparilla
601,crackers
601,peroni
601,steak
601,tuna
602,olives
602,sarsaparilla
602,coke
602,turkey
602,gelato
602,prosciutto
602,apples
603,tuna
603,prosciutto
603,apples
603,olives
603,steak
603,hummus
603,pretzels
604,olives
604,sarsaparilla
604,coke
604,turkey
604,gelato
604,ham
604,apples
605,prosciutto
605,peppers
605,sarsaparilla
605,crackers
605,chicken
605,risotto
605,steak
606,pretzels
606,peroni
606,chicken
606,coke
606,gelato
606,moscato
606,sarsaparilla
607,tuna
607,prosciutto
607,apples
607,olives
607,steak
607,sarsaparilla
607,coke
608,pretzels
608,peroni
608,chicken
608,coke
608,gelato
608,peppers
608,sarsaparilla
609,prosciutto
609,peppers
609,sarsaparilla
609,crackers
609,chicken
609,ham
609,steak
610,tuna
610,prosciutto
610,olives
610,ham
610,turkey
610,coke
610,crackers
611,pretzels
611,peroni
611,chicken
611,coke
611,gelato
611,avocado
611,olives
612,pretzels
612,peroni
612,chicken
612,coke
612,gelato
612,prosciutto
612,turkey
613,risotto
613,tuna
613,avocado
613,hummus
613,peroni
613,chicken
613,apples
614,avocado
614,crackers
614,hummus
614,peroni
614,ham
614,risotto
614,coke
615,soda
615,olives
615,sarsaparilla
615,crackers
615,peroni
615,tuna
615,peppers
616,olives
616,sarsaparilla
616,coke
616,turkey
616,gelato
616,pretzels
616,steak
617,soda
617,olives
617,sarsaparilla
617,crackers
617,peroni
617,peppers
617,chicken
618,soda
618,olives
618,sarsaparilla
618,crackers
618,peroni
618,tuna
618,coke
619,soda
619,olives
619,sarsaparilla
619,crackers
619,peroni
619,prosciutto
619,steak
620,tuna
620,prosciutto
620,apples
620,olives
620,steak
620,avocado
620,peppers
621,olives
621,sarsaparilla
621,coke
621,turkey
621,gelato
621,peppers
621,peppers
622,olives
622,sarsaparilla
622,coke
622,turkey
622,gelato
622,tuna
622,hummus
623,prosciutto
623,peppers
623,sarsaparilla
623,crackers
623,chicken
623,turkey
623,apples
624,prosciutto
624,peppers
624,sarsaparilla
624,crackers
624,chicken
624,risotto
624,coke
625,soda
625,olives
625,sarsaparilla
625,crackers
625,peroni
625,tuna
625,coke
626,prosciutto
626,peppers
626,sarsaparilla
626,crackers
626,chicken
626,soda
626,hummus
627,olives
627,sarsaparilla
627,coke
627,turkey
627,gelato
627,moscato
627,crackers
628,risotto
628,soda
628,tuna
628,crackers
628,peroni
628,apples
628,olives
629,risotto
629,tuna
629,avocado
629,hummus
629,peroni
629,gelato
629,pretzels
630,risotto
630,tuna
630,avocado
630,hummus
630,peroni
630,chicken
630,turkey
631,risotto
631,soda
631,tuna
631,crackers
631,peroni
631,peppers
631,chicken
632,soda
632,olives
632,sarsaparilla
632,crackers
632,peroni
632,peppers
632,turkey
633,olives
633,sarsaparilla
633,coke
633,turkey
633,gelato
633,pretzels
633,apples
634,prosciutto
634,peppers
634,sarsaparilla
634,crackers
634,chicken
634,moscato
634,gelato
635,risotto
635,pretzels
635,apples
635,peppers
635,avocado
635,gelato
635,gelato
636,risotto
636,tuna
636,avocado
636,hummus
636,peroni
636,apples
636,soda
637,tuna
637,prosciutto
637,olives
637,ham
637,turkey
637,risotto
637,sarsaparilla
638,risotto
638,soda
638,tuna
638,crackers
638,peroni
638,coke
638,gelato
639,risotto
639,tuna
639,avocado
639,hummus
639,peroni
639,olives
639,prosciutto
640,avocado
640,crackers
640,hummus
640,peroni
640,ham
640,pretzels
640,pretzels
641,tuna
641,prosciutto
641,apples
641,olives
641,steak
641,pretzels
641,chicken
642,risotto
642,pretzels
642,apples
642,peppers
642,avocado
642,moscato
642,hummus
643,avocado
643,crackers
643,hummus
643,peroni
643,ham
643,pretzels
643,steak
644,risotto
644,soda
644,tuna
644,crackers
644,peroni
644,turkey
644,hummus
645,pretzels
645,peroni
645,chicken
645,coke
645,gelato
645,risotto
645,hummus
646,soda
646,olives
646,sarsaparilla
646,crackers
646,peroni
646,steak
646,chicken
647,risotto
647,pretzels
647,apples
647,peppers
647,avocado
647,steak
647,sarsaparilla
648,soda
648,olives
648,sarsaparilla
648,crackers
648,peroni
648,ham
648,turkey
649,soda
649,olives
649,sarsaparilla
649,crackers
649,peroni
649,steak
649,risotto
650,avocado
650,crackers
650,hummus
650,peroni
650,ham
650,sarsaparilla
650,apples
651,olives
651,sarsaparilla
651,coke
651,turkey
651,gelato
651,soda
651,pretzels
652,risotto
652,soda
652,tuna
652,crackers
652,peroni
652,prosciutto
652,avocado
653,olives
653,sarsaparilla
653,coke
653,turkey
653,gelato
653,steak
653,hummus
654,tuna
654,prosciutto
654,olives
654,ham
654,turkey
654,gelato
654,gelato
655,olives
655,sarsaparilla
655,coke
655,turkey
655,gelato
655,chicken
655,crackers
656,risotto
656,tuna
656,avocado
656,hummus
656,peroni
656,coke
656,ham
657,soda
657,olives
657,sarsaparilla
657,crackers
657,peroni
657,apples
657,hummus
658,risotto
658,pretzels
658,apples
658,peppers
658,avocado
658,steak
658,coke
659,avocado
659,crackers
659,hummus
659,peroni
659,ham
659,tuna
659,chicken
660,olives
660,sarsaparilla
660,coke
660,turkey
660,gelato
660,moscato
660,apples
661,tuna
661,prosciutto
661,apples
661,olives
661,steak
661,chicken
661,hummus
662,pretzels
662,peroni
662,chicken
662,coke
662,gelato
662,crackers
662,apples
663,tuna
663,prosciutto
663,apples
663,olives
663,steak
663,crackers
663,peppers
664,risotto
664,soda
664,tuna
664,crackers
664,peroni
664,olives
664,apples
665,tuna
665,prosciutto
665,apples
665,olives
665,steak
665,gelato
665,soda
666,risotto
666,tuna
666,avocado
666,hummus
666,peroni
666,gelato
666,soda
667,risotto
667,pretzels
667,apples
667,peppers
667,avocado
667,gelato
667,sarsaparilla
668,risotto
668,tuna
668,avocado
668,hummus
668,peroni
668,moscato
668,peppers
669,prosciutto
669,peppers
669,sarsaparilla
669,crackers
669,chicken
669,steak
669,risotto
670,prosciutto
670,peppers
670,sarsaparilla
670,crackers
670,chicken
670,apples
670,peroni
671,olives
671,sarsaparilla
671,coke
671,turkey
671,gelato
671,pretzels
671,peppers
672,tuna
672,prosciutto
672,olives
672,ham
672,turkey
672,sarsaparilla
672,peroni
673,olives
673,sarsaparilla
673,coke
673,turkey
673,gelato
673,peppers
673,steak
674,risotto
674,tuna
674,avocado
674,hummus
674,peroni
674,pretzels
674,prosciutto
675,olives
675,sarsaparilla
675,coke
675,turkey
675,gelato
675,risotto
675,steak
676,soda
676,olives
676,sarsaparilla
676,crackers
676,peroni
676,pretzels
676,coke
677,tuna
677,prosciutto
677,apples
677,olives
677,steak
677,pretzels
677,peppers
678,pretzels
678,peroni
678,chicken
678,coke
678,gelato
678,ham
678,avocado
679,avocado
679,crackers
679,hummus
679,peroni
679,ham
679,apples
679,gelato
680,prosciutto
680,peppers
680,sarsaparilla
680,crackers
680,chicken
680,avocado
680,soda
681,tuna
681,prosciutto
681,olives
681,ham
681,turkey
681,apples
681,avocado
682,soda
682,olives
682,sarsaparilla
682,crackers
682,peroni
682,prosciutto
682,apples
683,tuna
683,prosciutto
683,apples
683,olives
683,steak
683,gelato
683,hummus
684,prosciutto
684,peppers
684,sarsaparilla
684,crackers
684,chicken
684,steak
684,steak
685,prosciutto
685,peppers
685,sarsaparilla
685,crackers
685,chicken
685,moscato
685,gelato
686,risotto
686,soda
686,tuna
686,crackers
686,peroni
686,olives
686,gelato
687,risotto
687,pretzels
687,apples
687,peppers
687,avocado
687,soda
687,olives
688,soda
688,olives
688,sarsaparilla
688,crackers
688,peroni
688,tuna
688,chicken
689,tuna
689,prosciutto
689,apples
689,olives
689,steak
689,gelato
689,risotto
690,prosciutto
690,peppers
690,sarsaparilla
690,crackers
690,chicken
690,hummus
690,hummus
691,risotto
691,tuna
691,avocado
691,hummus
691,peroni
691,turkey
691,steak
692,tuna
692,prosciutto
692,apples
692,olives
692,steak
692,avocado
692,peppers
693,risotto
693,pretzels
693,apples
693,peppers
693,avocado
693,coke
693,chicken
694,risotto
694,tuna
694,avocado
694,hummus
694,peroni
694,pretzels
694,apples
695,risotto
695,soda
695,tuna
695,crackers
695,peroni
695,peppers
695,chicken
696,olives
696,sarsaparilla
696,coke
696,turkey
696,gelato
696,steak
696,steak
697,avocado
697,crackers
697,hummus
697,peroni
697,ham
697,peppers
697,prosciutto
698,soda
698,olives
698,sarsaparilla
698,crackers
698,peroni
698,moscato
698,hummus
699,risotto
699,soda
699,tuna
699,crackers
699,peroni
699,chicken
699,turkey
700,soda
700,olives
700,sarsaparilla
700,crackers
700,peroni
700,hummus
700,tuna
701,risotto
701,pretzels
701,apples
701,peppers
701,avocado
701,tuna
701,sarsaparilla
702,avocado
702,crackers
702,hummus
702,peroni
702,ham
702,coke
702,pretzels
703,risotto
703,pretzels
703,apples
703,peppers
703,avocado
703,sarsaparilla
703,soda
704,prosciutto
704,peppers
704,sarsaparilla
704,crackers
704,chicken
704,avocado
704,pretzels
705,pretzels
705,peroni
705,chicken
705,coke
705,gelato
705,hummus
705,sarsaparilla
706,risotto
706,tuna
706,avocado
706,hummus
706,peroni
706,apples
706,soda
707,avocado
707,crackers
707,hummus
707,peroni
707,ham
707,prosciutto
707,peppers
708,prosciutto
708,peppers
708,sarsaparilla
708,crackers
708,chicken
708,steak
708,soda
709,risotto
709,tuna
709,avocado
709,hummus
709,peroni
709,moscato
709,crackers
710,avocado
710,crackers
710,hummus
710,peroni
710,ham
710,gelato
710,olives
711,tuna
711,prosciutto
711,olives
711,ham
711,turkey
711,crackers
711,chicken
712,pretzels
712,peroni
712,chicken
712,coke
712,gelato
712,risotto
712,olives
713,pretzels
713,peroni
713,chicken
713,coke
713,gelato
713,hummus
713,hummus
714,tuna
714,prosciutto
714,olives
714,ham
714,turkey
714,peroni
714,crackers
715,tuna
715,prosciutto
715,apples
715,olives
715,steak
715,pretzels
715,chicken
716,avocado
716,crackers
716,hummus
716,peroni
716,ham
716,prosciutto
716,olives
717,olives
717,sarsaparilla
717,coke
717,turkey
717,gelato
717,ham
717,hummus
718,prosciutto
718,peppers
718,sarsaparilla
718,crackers
718,chicken
718,risotto
718,peroni
719,tuna
719,prosciutto
719,olives
719,ham
719,turkey
719,peppers
719,apples
720,tuna
720,prosciutto
720,olives
720,ham
720,turkey
720,peroni
720,peroni
721,olives
721,sarsaparilla
721,coke
721,turkey
721,gelato
721,ham
721,risotto
722,risotto
722,tuna
722,avocado
722,hummus
722,peroni
722,prosciutto
722,steak
723,risotto
723,soda
723,tuna
723,crackers
723,peroni
723,avocado
723,steak
724,olives
724,sarsaparilla
724,coke
724,turkey
724,gelato
724,peroni
724,risotto
725,tuna
725,prosciutto
725,olives
725,ham
725,turkey
725,crackers
725,avocado
726,avocado
726,crackers
726,hummus
726,peroni
726,ham
726,peppers
726,prosciutto
727,soda
727,olives
727,sarsaparilla
727,crackers
727,peroni
727,avocado
727,avocado
728,risotto
728,soda
728,tuna
728,crackers
728,peroni
728,hummus
728,turkey
729,olives
729,sarsaparilla
729,coke
729,turkey
729,gelato
729,crackers
729,risotto
730,pretzels
730,peroni
730,chicken
730,coke
730,gelato
730,risotto
730,steak
731,risotto
731,tuna
731,avocado
731,hummus
731,peroni
731,olives
731,crackers
732,tuna
732,prosciutto
732,olives
732,ham
732,turkey
732,chicken
732,pretzels
733,avocado
733,crackers
733,hummus
733,peroni
733,ham
733,apples
733,risotto
734,soda
734,olives
734,sarsaparilla
734,crackers
734,peroni
734,steak
734,prosciutto
735,tuna
735,prosciutto
735,olives
735,ham
735,turkey
735,moscato
735,steak
736,risotto
736,soda
736,tuna
736,crackers
736,peroni
736,moscato
736,peppers
737,olives
737,sarsaparilla
737,coke
737,turkey
737,gelato
737,peppers
737,peppers
738,avocado
738,crackers
738,hummus
738,peroni
738,ham
738,turkey
738,prosciutto
739,risotto
739,tuna
739,avocado
739,hummus
739,peroni
739,chicken
739,sarsaparilla
740,prosciutto
740,peppers
740,sarsaparilla
740,crackers
740,chicken
740,steak
740,gelato
741,soda
741,olives
741,sarsaparilla
741,crackers
741,peroni
741,gelato
741,peppers
742,risotto
742,soda
742,tuna
742,crackers
742,peroni
742,coke
742,coke
743,tuna
743,prosciutto
743,apples
743,olives
743,steak
743,pretzels
743,crackers
744,risotto
744,soda
744,tuna
744,crackers
744,peroni
744,olives
744,apples
745,avocado
745,crackers
745,hummus
745,peroni
745,ham
745,moscato
745,olives
746,tuna
746,prosciutto
746,apples
746,olives
746,steak
746,moscato
746,ham
747,risotto
747,tuna
747,avocado
747,hummus
747,peroni
747,apples
747,sarsaparilla
748,soda
748,olives
748,sarsaparilla
748,crackers
748,peroni
748,peppers
748,steak
749,risotto
749,soda
749,tuna
749,crackers
749,peroni
749,olives
749,avocado
750,olives
750,sarsaparilla
750,coke
750,turkey
750,gelato
750,risotto
750,apples
751,soda
751,olives
751,sarsaparilla
751,crackers
751,peroni
751,turkey
751,tuna
752,risotto
752,tuna
752,avocado
752,hummus
752,peroni
752,prosciutto
752,crackers
753,tuna
753,prosciutto
753,apples
753,olives
753,steak
753,ham
753,peroni
754,prosciutto
754,peppers
754,sarsaparilla
754,crackers
754,chicken
754,hummus
754,peroni
755,risotto
755,soda
755,tuna
755,crackers
755,peroni
755,avocado
755,steak
756,tuna
756,prosciutto
756,olives
756,ham
756,turkey
756,steak
756,avocado
757,pretzels
757,peroni
757,chicken
757,coke
757,gelato
757,soda
757,hummus
758,olives
758,sarsaparilla
758,coke
758,turkey
758,gelato
758,steak
758,peroni
759,tuna
759,prosciutto
759,apples
759,olives
759,steak
759,hummus
759,chicken
760,prosciutto
760,peppers
760,sarsaparilla
760,crackers
760,chicken
760,soda
760,tuna
761,pretzels
761,peroni
761,chicken
761,coke
761,gelato
761,ham
761,ham
762,pretzels
762,peroni
762,chicken
762,coke
762,gelato
762,tuna
762,prosciutto
763,pretzels
763,peroni
763,chicken
763,coke
763,gelato
763,apples
763,apples
764,prosciutto
764,peppers
764,sarsaparilla
764,crackers
764,chicken
764,apples
764,olives
765,tuna
765,prosciutto
765,olives
765,ham
765,turkey
765,sarsaparilla
765,chicken
766,soda
766,olives
766,sarsaparilla
766,crackers
766,peroni
766,coke
766,apples
767,risotto
767,pretzels
767,apples
767,peppers
767,avocado
767,hummus
767,hummus
768,risotto
768,soda
768,tuna
768,crackers
768,peroni
768,hummus
768,avocado
769,risotto
769,pretzels
769,apples
769,peppers
769,avocado
769,peroni
769,coke
770,tuna
770,prosciutto
770,olives
770,ham
770,turkey
770,risotto
770,avocado
771,soda
771,olives
771,sarsaparilla
771,crackers
771,peroni
771,moscato
771,gelato
772,risotto
772,pretzels
772,apples
772,peppers
772,avocado
772,ham
772,tuna
773,tuna
773,prosciutto
773,olives
773,ham
773,turkey
773,peroni
773,pretzels
774,avocado
774,crackers
774,hummus
774,peroni
774,ham
774,tuna
774,olives
775,soda
775,olives
775,sarsaparilla
775,crackers
775,peroni
775,peppers
775,hummus
776,risotto
776,pretzels
776,apples
776,peppers
776,avocado
776,prosciutto
776,coke
777,pretzels
777,peroni
777,chicken
777,coke
777,gelato
777,apples
777,ham
778,prosciutto
778,peppers
778,sarsaparilla
778,crackers
778,chicken
778,coke
778,tuna
779,risotto
779,tuna
779,avocado
779,hummus
779,peroni
779,moscato
779,crackers
780,olives
780,sarsaparilla
780,coke
780,turkey
780,gelato
780,apples
780,hummus
781,risotto
781,tuna
781,avocado
781,hummus
781,peroni
781,steak
781,steak
782,risotto
782,soda
782,tuna
782,crackers
782,peroni
782,ham
782,pretzels
783,tuna
783,prosciutto
783,olives
783,ham
783,turkey
783,peppers
783,gelato
784,soda
784,olives
784,sarsaparilla
784,crackers
784,peroni
784,tuna
784,risotto
785,risotto
785,tuna
785,avocado
785,hummus
785,peroni
785,coke
785,steak
786,pretzels
786,peroni
786,chicken
786,coke
786,gelato
786,sarsaparilla
786,hummus
787,soda
787,olives
787,sarsaparilla
787,crackers
787,peroni
787,gelato
787,gelato
788,avocado
788,crackers
788,hummus
788,peroni
788,ham
788,turkey
788,tuna
789,tuna
789,prosciutto
789,apples
789,olives
789,steak
789,moscato
789,crackers
790,tuna
790,prosciutto
790,olives
790,ham
790,turkey
790,peroni
790,sarsaparilla
791,risotto
791,soda
791,tuna
791,crackers
791,peroni
791,gelato
791,apples
792,pretzels
792,peroni
792,chicken
792,coke
792,gelato
792,moscato
792,turkey
793,olives
793,sarsaparilla
793,coke
793,turkey
793,gelato
793,pretzels
793,ham
794,olives
794,sarsaparilla
794,coke
794,turkey
794,gelato
794,tuna
794,crackers
795,tuna
795,prosciutto
795,apples
795,olives
795,steak
795,risotto
795,gelato
796,risotto
796,soda
796,tuna
796,crackers
796,peroni
796,moscato
796,gelato
797,avocado
797,crackers
797,hummus
797,peroni
797,ham
797,turkey
797,pretzels
798,soda
798,olives
798,sarsaparilla
798,crackers
798,peroni
798,peppers
798,chicken
799,risotto
799,pretzels
799,apples
799,peppers
799,avocado
799,turkey
799,crackers
800,risotto
800,soda
800,tuna
800,crackers
800,peroni
800,avocado
800,ham
801,olives
801,sarsaparilla
801,coke
801,turkey
801,gelato
801,soda
801,apples
802,risotto
802,tuna
802,avocado
802,hummus
802,peroni
802,turkey
802,chicken
803,tuna
803,prosciutto
803,apples
803,olives
803,steak
803,sarsaparilla
803,sarsaparilla
804,avocado
804,crackers
804,hummus
804,peroni
804,ham
804,soda
804,peppers
805,risotto
805,tuna
805,avocado
805,hummus
805,peroni
805,crackers
805,crackers
806,prosciutto
806,peppers
806,sarsaparilla
806,crackers
806,chicken
806,risotto
806,soda
807,risotto
807,soda
807,tuna
807,crackers
807,peroni
807,sarsaparilla
807,gelato
808,avocado
808,crackers
808,hummus
808,peroni
808,ham
808,pretzels
808,prosciutto
809,tuna
809,prosciutto
809,olives
809,ham
809,turkey
809,sarsaparilla
809,soda
810,olives
810,sarsaparilla
810,coke
810,turkey
810,gelato
810,soda
810,prosciutto
811,risotto
811,pretzels
811,apples
811,peppers
811,avocado
811,tuna
811,ham
812,avocado
812,crackers
812,hummus
812,peroni
812,ham
812,olives
812,sarsaparilla
813,risotto
813,pretzels
813,apples
813,peppers
813,avocado
813,coke
813,prosciutto
814,pretzels
814,peroni
814,chicken
814,coke
814,gelato
814,tuna
814,hummus
815,soda
815,olives
815,sarsaparilla
815,crackers
815,peroni
815,risotto
815,tuna
816,risotto
816,pretzels
816,apples
816,peppers
816,avocado
816,hummus
816,peroni
817,olives
817,sarsaparilla
817,coke
817,turkey
817,gelato
817,ham
817,prosciutto
818,prosciutto
818,peppers
818,sarsaparilla
818,crackers
818,chicken
818,risotto
818,apples
819,soda
819,olives
819,sarsaparilla
819,crackers
819,peroni
819,apples
819,apples
820,risotto
820,tuna
820,avocado
820,hummus
820,peroni
820,crackers
820,pretzels
821,soda
821,olives
821,sarsaparilla
821,crackers
821,peroni
821,risotto
821,chicken
822,tuna
822,prosciutto
822,apples
822,olives
822,steak
822,pretzels
822,soda
823,risotto
823,soda
823,tuna
823,crackers
823,peroni
823,avocado
823,chicken
824,risotto
824,tuna
824,avocado
824,hummus
824,peroni
824,apples
824,apples
825,risotto
825,pretzels
825,apples
825,peppers
825,avocado
825,peroni
825,gelato
826,risotto
826,soda
826,tuna
826,crackers
826,peroni
826,coke
826,coke
827,pretzels
827,peroni
827,chicken
827,coke
827,gelato
827,crackers
827,apples
828,risotto
828,soda
828,tuna
828,crackers
828,peroni
828,steak
828,chicken
829,avocado
829,crackers
829,hummus
829,peroni
829,ham
829,steak
829,steak
830,risotto
830,tuna
830,avocado
830,hummus
830,peroni
830,ham
830,chicken
831,prosciutto
831,peppers
831,sarsaparilla
831,crackers
831,chicken
831,peroni
831,hummus
832,tuna
832,prosciutto
832,olives
832,ham
832,turkey
832,moscato
832,risotto
833,prosciutto
833,peppers
833,sarsaparilla
833,crackers
833,chicken
833,peroni
833,turkey
834,risotto
834,soda
834,tuna
834,crackers
834,peroni
834,hummus
834,chicken
835,pretzels
835,peroni
835,chicken
835,coke
835,gelato
835,apples
835,ham
836,olives
836,sarsaparilla
836,coke
836,turkey
836,gelato
836,tuna
836,pretzels
837,risotto
837,soda
837,tuna
837,crackers
837,peroni
837,apples
837,pretzels
838,risotto
838,tuna
838,avocado
838,hummus
838,peroni
838,apples
838,apples
839,risotto
839,tuna
839,avocado
839,hummus
839,peroni
839,moscato
839,ham
840,avocado
840,crackers
840,hummus
840,peroni
840,ham
840,olives
840,steak
841,risotto
841,soda
841,tuna
841,crackers
841,peroni
841,chicken
841,gelato
842,risotto
842,soda
842,tuna
842,crackers
842,peroni
842,sarsaparilla
842,olives
843,pretzels
843,peroni
843,chicken
843,coke
843,gelato
843,crackers
843,ham
844,avocado
844,crackers
844,hummus
844,peroni
844,ham
844,coke
844,soda
845,prosciutto
845,peppers
845,sarsaparilla
845,crackers
845,chicken
845,soda
845,olives
846,risotto
846,pretzels
846,apples
846,peppers
846,avocado
846,sarsaparilla
846,sarsaparilla
847,tuna
847,prosciutto
847,olives
847,ham
847,turkey
847,chicken
847,apples
848,pretzels
848,peroni
848,chicken
848,coke
848,gelato
848,risotto
848,sarsaparilla
849,risotto
849,soda
849,tuna
849,crackers
849,peroni
849,prosciutto
849,hummus
850,olives
850,sarsaparilla
850,coke
850,turkey
850,gelato
850,risotto
850,peroni
851,avocado
851,crackers
851,hummus
851,peroni
851,ham
851,moscato
851,peppers
852,tuna
852,prosciutto
852,olives
852,ham
852,turkey
852,coke
852,apples
853,pretzels
853,peroni
853,chicken
853,coke
853,gelato
853,peppers
853,olives
854,tuna
854,prosciutto
854,olives
854,ham
854,turkey
854,hummus
854,risotto
855,soda
855,olives
855,sarsaparilla
855,crackers
855,peroni
855,tuna
855,steak
856,olives
856,sarsaparilla
856,coke
856,turkey
856,gelato
856,hummus
856,ham
857,risotto
857,pretzels
857,apples
857,peppers
857,avocado
857,steak
857,prosciutto
858,pretzels
858,peroni
858,chicken
858,coke
858,gelato
858,apples
858,hummus
859,tuna
859,prosciutto
859,olives
859,ham
859,turkey
859,gelato
859,steak
860,tuna
860,prosciutto
860,apples
860,olives
860,steak
860,moscato
860,turkey
861,prosciutto
861,peppers
861,sarsaparilla
861,crackers
861,chicken
861,risotto
861,hummus
862,risotto
862,pretzels
862,apples
862,peppers
862,avocado
862,crackers
862,peroni
863,tuna
863,prosciutto
863,olives
863,ham
863,turkey
863,avocado
863,hummus
864,olives
864,sarsaparilla
864,coke
864,turkey
864,gelato
864,steak
864,soda
865,tuna
865,prosciutto
865,olives
865,ham
865,turkey
865,steak
865,peroni
866,pretzels
866,peroni
866,chicken
866,coke
866,gelato
866,soda
866,apples
867,soda
867,olives
867,sarsaparilla
867,crackers
867,peroni
867,turkey
867,pretzels
868,tuna
868,prosciutto
868,apples
868,olives
868,steak
868,crackers
868,pretzels
869,risotto
869,pretzels
869,apples
869,peppers
869,avocado
869,coke
869,gelato
870,avocado
870,crackers
870,hummus
870,peroni
870,ham
870,moscato
870,tuna
871,tuna
871,prosciutto
871,apples
871,olives
871,steak
871,ham
871,ham
872,prosciutto
872,peppers
872,sarsaparilla
872,crackers
872,chicken
872,peroni
872,pretzels
873,tuna
873,prosciutto
873,olives
873,ham
873,turkey
873,hummus
873,sarsaparilla
874,tuna
874,prosciutto
874,apples
874,olives
874,steak
874,ham
874,coke
875,tuna
875,prosciutto
875,olives
875,ham
875,turkey
875,apples
875,sarsaparilla
876,risotto
876,soda
876,tuna
876,crackers
876,peroni
876,hummus
876,turkey
877,pretzels
877,peroni
877,chicken
877,coke
877,gelato
877,sarsaparilla
877,olives
878,avocado
878,crackers
878,hummus
878,peroni
878,ham
878,moscato
878,prosciutto
879,tuna
879,prosciutto
879,olives
879,ham
879,turkey
879,pretzels
879,steak
880,pretzels
880,peroni
880,chicken
880,coke
880,gelato
880,olives
880,prosciutto
881,soda
881,olives
881,sarsaparilla
881,crackers
881,peroni
881,chicken
881,apples
882,pretzels
882,peroni
882,chicken
882,coke
882,gelato
882,tuna
882,sarsaparilla
883,pretzels
883,peroni
883,chicken
883,coke
883,gelato
883,sarsaparilla
883,peppers
884,tuna
884,prosciutto
884,apples
884,olives
884,steak
884,moscato
884,risotto
885,avocado
885,crackers
885,hummus
885,peroni
885,ham
885,soda
885,sarsaparilla
886,risotto
886,tuna
886,avocado
886,hummus
886,peroni
886,olives
886,olives
887,prosciutto
887,peppers
887,sarsaparilla
887,crackers
887,chicken
887,hummus
887,tuna
888,olives
888,sarsaparilla
888,coke
888,turkey
888,gelato
888,soda
888,pretzels
889,pretzels
889,peroni
889,chicken
889,coke
889,gelato
889,peppers
889,crackers
890,avocado
890,crackers
890,hummus
890,peroni
890,ham
890,apples
890,peppers
891,risotto
891,tuna
891,avocado
891,hummus
891,peroni
891,olives
891,chicken
892,risotto
892,tuna
892,avocado
892,hummus
892,peroni
892,sarsaparilla
892,prosciutto
893,prosciutto
893,peppers
893,sarsaparilla
893,crackers
893,chicken
893,apples
893,soda
894,soda
894,olives
894,sarsaparilla
894,crackers
894,peroni
894,gelato
894,apples
895,risotto
895,tuna
895,avocado
895,hummus
895,peroni
895,steak
895,chicken
896,risotto
896,pretzels
896,apples
896,peppers
896,avocado
896,gelato
896,soda
897,pretzels
897,peroni
897,chicken
897,coke
897,gelato
897,hummus
897,prosciutto
898,pretzels
898,peroni
898,chicken
898,coke
898,gelato
898,risotto
898,hummus
899,avocado
899,crackers
899,hummus
899,peroni
899,ham
899,prosciutto
899,sarsaparilla
900,risotto
900,soda
900,tuna
900,crackers
900,peroni
900,pretzels
900,peppers
901,pretzels
901,peroni
901,chicken
901,coke
901,gelato
901,peppers
901,sarsaparilla
902,risotto
902,pretzels
902,apples
902,peppers
902,avocado
902,coke
902,steak
903,risotto
903,soda
903,tuna
903,crackers
903,peroni
903,apples
903,chicken
904,soda
904,olives
904,sarsaparilla
904,crackers
904,peroni
904,peppers
904,apples
905,soda
905,olives
905,sarsaparilla
905,crackers
905,peroni
905,turkey
905,tuna
906,soda
906,olives
906,sarsaparilla
906,crackers
906,peroni
906,turkey
906,avocado
907,tuna
907,prosciutto
907,apples
907,olives
907,steak
907,chicken
907,hummus
908,risotto
908,pretzels
908,apples
908,peppers
908,avocado
908,olives
908,turkey
909,tuna
909,prosciutto
909,olives
909,ham
909,turkey
909,chicken
909,peppers
910,risotto
910,soda
910,tuna
910,crackers
910,peroni
910,avocado
910,steak
911,pretzels
911,peroni
911,chicken
911,coke
911,gelato
911,steak
911,ham
912,tuna
912,prosciutto
912,apples
912,olives
912,steak
912,coke
912,peroni
913,tuna
913,prosciutto
913,apples
913,olives
913,steak
913,peppers
913,gelato
914,tuna
914,prosciutto
914,apples
914,olives
914,steak
914,ham
914,peroni
915,soda
915,olives
915,sarsaparilla
915,crackers
915,peroni
915,risotto
915,hummus
916,tuna
916,prosciutto
916,apples
916,olives
916,steak
916,turkey
916,risotto
917,avocado
917,crackers
917,hummus
917,peroni
917,ham
917,steak
917,steak
918,risotto
918,tuna
918,avocado
918,hummus
918,peroni
918,moscato
918,coke
919,risotto
919,soda
919,tuna
919,crackers
919,peroni
919,apples
919,hummus
920,risotto
920,tuna
920,avocado
920,hummus
920,peroni
920,olives
920,crackers
921,pretzels
921,peroni
921,chicken
921,coke
921,gelato
921,steak
921,crackers
922,avocado
922,crackers
922,hummus
922,peroni
922,ham
922,gelato
922,apples
923,pretzels
923,peroni
923,chicken
923,coke
923,gelato
923,sarsaparilla
923,turkey
924,soda
924,olives
924,sarsaparilla
924,crackers
924,peroni
924,pretzels
924,avocado
925,risotto
925,pretzels
925,apples
925,peppers
925,avocado
925,sarsaparilla
925,coke
926,soda
926,olives
926,sarsaparilla
926,crackers
926,peroni
926,tuna
926,tuna
927,risotto
927,pretzels
927,apples
927,peppers
927,avocado
927,chicken
927,tuna
928,olives
928,sarsaparilla
928,coke
928,turkey
928,gelato
928,crackers
928,risotto
929,risotto
929,pretzels
929,apples
929,peppers
929,avocado
929,sarsaparilla
929,olives
930,pretzels
930,peroni
930,chicken
930,coke
930,gelato
930,hummus
930,turkey
931,tuna
931,prosciutto
931,olives
931,ham
931,turkey
931,soda
931,soda
932,pretzels
932,peroni
932,chicken
932,coke
932,gelato
932,moscato
932,olives
933,prosciutto
933,peppers
933,sarsaparilla
933,crackers
933,chicken
933,tuna
933,steak
934,pretzels
934,peroni
934,chicken
934,coke
934,gelato
934,prosciutto
934,steak
935,tuna
935,prosciutto
935,olives
935,ham
935,turkey
935,chicken
935,sarsaparilla
936,tuna
936,prosciutto
936,apples
936,olives
936,steak
936,turkey
936,gelato
937,risotto
937,tuna
937,avocado
937,hummus
937,peroni
937,turkey
937,turkey
938,risotto
938,pretzels
938,apples
938,peppers
938,avocado
938,gelato
938,olives
939,soda
939,olives
939,sarsaparilla
939,crackers
939,peroni
939,risotto
939,peppers
940,risotto
940,tuna
940,avocado
940,hummus
940,peroni
940,sarsaparilla
940,steak
941,risotto
941,pretzels
941,apples
941,peppers
941,avocado
941,sarsaparilla
941,sarsaparilla
942,risotto
942,soda
942,tuna
942,crackers
942,peroni
942,steak
942,prosciutto
943,avocado
943,crackers
943,hummus
943,peroni
943,ham
943,turkey
943,chicken
944,risotto
944,pretzels
944,apples
944,peppers
944,avocado
944,sarsaparilla
944,chicken
945,pretzels
945,peroni
945,chicken
945,coke
945,gelato
945,avocado
945,crackers
946,risotto
946,pretzels
946,apples
946,peppers
946,avocado
946,coke
946,crackers
947,soda
947,olives
947,sarsaparilla
947,crackers
947,peroni
947,turkey
947,hummus
948,risotto
948,soda
948,tuna
948,crackers
948,peroni
948,steak
948,olives
949,pretzels
949,peroni
949,chicken
949,coke
949,gelato
949,moscato
949,crackers
950,olives
950,sarsaparilla
950,coke
950,turkey
950,gelato
950,ham
950,hummus
951,risotto
951,soda
951,tuna
951,crackers
951,peroni
951,coke
951,avocado
952,risotto
952,soda
952,tuna
952,crackers
952,peroni
952,steak
952,pretzels
953,risotto
953,soda
953,tuna
953,crackers
953,peroni
953,chicken
953,prosciutto
954,risotto
954,soda
954,tuna
954,crackers
954,peroni
954,pretzels
954,hummus
955,tuna
955,prosciutto
955,olives
955,ham
955,turkey
955,sarsaparilla
955,soda
956,soda
956,olives
956,sarsaparilla
956,crackers
956,peroni
956,prosciutto
956,tuna
957,prosciutto
957,peppers
957,sarsaparilla
957,crackers
957,chicken
957,soda
957,olives
958,pretzels
958,peroni
958,chicken
958,coke
958,gelato
958,olives
958,crackers
959,prosciutto
959,peppers
959,sarsaparilla
959,crackers
959,chicken
959,peroni
959,apples
960,tuna
960,prosciutto
960,olives
960,ham
960,turkey
960,soda
960,sarsaparilla
961,soda
961,olives
961,sarsaparilla
961,crackers
961,peroni
961,coke
961,gelato
962,soda
962,olives
962,sarsaparilla
962,crackers
962,peroni
962,pretzels
962,peppers
963,risotto
963,pretzels
963,apples
963,peppers
963,avocado
963,gelato
963,coke
964,prosciutto
964,peppers
964,sarsaparilla
964,crackers
964,chicken
964,hummus
964,hummus
965,tuna
965,prosciutto
965,olives
965,ham
965,turkey
965,peroni
965,hummus
966,prosciutto
966,peppers
966,sarsaparilla
966,crackers
966,chicken
966,peroni
966,turkey
967,risotto
967,soda
967,tuna
967,crackers
967,peroni
967,turkey
967,sarsaparilla
968,risotto
968,tuna
968,avocado
968,hummus
968,peroni
968,apples
968,prosciutto
969,tuna
969,prosciutto
969,olives
969,ham
969,turkey
969,peppers
969,pretzels
970,pretzels
970,peroni
970,chicken
970,coke
970,gelato
970,ham
970,risotto
971,tuna
971,prosciutto
971,olives
971,ham
971,turkey
971,hummus
971,risotto
972,prosciutto
972,peppers
972,sarsaparilla
972,crackers
972,chicken
972,coke
972,apples
973,risotto
973,soda
973,tuna
973,crackers
973,peroni
973,gelato
973,coke
974,risotto
974,pretzels
974,apples
974,peppers
974,avocado
974,sarsaparilla
974,gelato
975,risotto
975,soda
975,tuna
975,crackers
975,peroni
975,ham
975,sarsaparilla
976,avocado
976,crackers
976,hummus
976,peroni
976,ham
976,steak
976,tuna
977,olives
977,sarsaparilla
977,coke
977,turkey
977,gelato
977,prosciutto
977,crackers
978,avocado
978,crackers
978,hummus
978,peroni
978,ham
978,apples
978,tuna
979,tuna
979,prosciutto
979,apples
979,olives
979,steak
979,chicken
979,avocado
980,risotto
980,tuna
980,avocado
980,hummus
980,peroni
980,sarsaparilla
980,sarsaparilla
981,risotto
981,soda
981,tuna
981,crackers
981,peroni
981,steak
981,hummus
982,olives
982,sarsaparilla
982,coke
982,turkey
982,gelato
982,hummus
982,ham
983,risotto
983,soda
983,tuna
983,crackers
983,peroni
983,sarsaparilla
983,peppers
984,pretzels
984,peroni
984,chicken
984,coke
984,gelato
984,ham
984,soda
985,olives
985,sarsaparilla
985,coke
985,turkey
985,gelato
985,apples
985,pretzels
986,soda
986,olives
986,sarsaparilla
986,crackers
986,peroni
986,coke
986,ham
987,soda
987,olives
987,sarsaparilla
987,crackers
987,peroni
987,coke
987,risotto
988,risotto
988,soda
988,tuna
988,crackers
988,peroni
988,chicken
988,peppers
989,soda
989,olives
989,sarsaparilla
989,crackers
989,peroni
989,prosciutto
989,chicken
990,tuna
990,prosciutto
990,apples
990,olives
990,steak
990,turkey
990,gelato
991,pretzels
991,peroni
991,chicken
991,coke
991,gelato
991,tuna
991,olives
992,olives
992,sarsaparilla
992,coke
992,turkey
992,gelato
992,apples
992,soda
993,avocado
993,crackers
993,hummus
993,peroni
993,ham
993,chicken
993,chicken
994,tuna
994,prosciutto
994,apples
994,olives
994,steak
994,crackers
994,hummus
995,risotto
995,tuna
995,avocado
995,hummus
995,peroni
995,chicken
995,apples
996,risotto
996,soda
996,tuna
996,crackers
996,peroni
996,gelato
996,steak
997,avocado
997,crackers
997,hummus
997,peroni
997,ham
997,chicken
997,sarsaparilla
998,tuna
998,prosciutto
998,olives
998,ham
998,turkey
998,risotto
998,apples
999,risotto
999,soda
999,tuna
999,crackers
999,peroni
999,pretzels
999,pretzels
1000,pretzels
1000,peroni
1000,chicken
1000,coke
1000,gelato
1000,prosciutto
1000,peppers
